{"strategy":{"SkoRZ1RStrategyV2LogFix":{"trades":[{"pair":"BTC/USDT:USDT","stake_amount":234.5946,"max_stake_amount":234.5946,"amount":0.002,"open_date":"2025-08-16 10:10:00+00:00","close_date":"2025-08-18 00:00:00+00:00","open_rate":117297.3,"close_rate":117353.9,"fee_open":0.0005,"fee_close":0.0005,"trade_duration":2270,"profit_ratio":-0.001216517491097871,"profit_abs":-0.28524574,"exit_reason":"force_exit","initial_stop_loss_abs":234594.6,"initial_stop_loss_ratio":-1.0,"stop_loss_abs":234594.6,"stop_loss_ratio":-1.0,"min_rate":117089.7,"max_rate":118558.0,"is_open":false,"enter_tag":"","leverage":1.0,"is_short":true,"open_timestamp":1755339000000,"close_timestamp":1755475200000,"orders":[{"amount":0.002,"safe_price":117297.3,"ft_order_side":"sell","order_filled_timestamp":1755339000000,"ft_is_entry":true,"ft_order_tag":"","cost":234.7118973},{"amount":0.002,"safe_price":117353.9,"ft_order_side":"buy","order_filled_timestamp":1755475200000,"ft_is_entry":false,"ft_order_tag":"force_exit","cost":234.82515389999998}],"funding_fees":0.06260545945809669}],"locks":[],"best_pair":{"key":"BTC/USDT:USDT","trades":1,"profit_mean":-0.001216517491097871,"profit_mean_pct":-0.12,"profit_total_abs":-0.28524574,"profit_total":-0.00028524574,"profit_total_pct":-0.03,"duration_avg":"1 day, 13:50:00","wins":0,"draws":0,"losses":1,"winrate":0.0,"cagr":-0.0988914461053173,"expectancy":-0.28524574,"expectancy_ratio":-1.0,"sortino":-100,"sharpe":-100,"calmar":-100,"sqn":-100.0,"profit_factor":0.0,"max_drawdown_account":0.0,"max_drawdown_abs":0.0},"worst_pair":{"key":"BTC/USDT:USDT","trades":1,"profit_mean":-0.001216517491097871,"profit_mean_pct":-0.12,"profit_total_abs":-0.28524574,"profit_total":-0.00028524574,"profit_total_pct":-0.03,"duration_avg":"1 day, 13:50:00","wins":0,"draws":0,"losses":1,"winrate":0.0,"cagr":-0.0988914461053173,"expectancy":-0.28524574,"expectancy_ratio":-1.0,"sortino":-100,"sharpe":-100,"calmar":-100,"sqn":-100.0,"profit_factor":0.0,"max_drawdown_account":0.0,"max_drawdown_abs":0.0},"results_per_pair":[{"key":"BTC/USDT:USDT","trades":1,"profit_mean":-0.001216517491097871,"profit_mean_pct":-0.12,"profit_total_abs":-0.28524574,"profit_total":-0.00028524574,"profit_total_pct":-0.03,"duration_avg":"1 day, 13:50:00","wins":0,"draws":0,"losses":1,"winrate":0.0,"cagr":-0.0988914461053173,"expectancy":-0.28524574,"expectancy_ratio":-1.0,"sortino":-100,"sharpe":-100,"calmar":-100,"sqn":-100.0,"profit_factor":0.0,"max_drawdown_account":0.0,"max_drawdown_abs":0.0},{"key":"TOTAL","trades":1,"profit_mean":-0.001216517491097871,"profit_mean_pct":-0.12,"profit_total_abs":-0.28524574,"profit_total":-0.00028524574,"profit_total_pct":-0.03,"duration_avg":"1 day, 13:50:00","wins":0,"draws":0,"losses":1,"winrate":0.0,"cagr":-0.0988914461053173,"expectancy":-0.28524574,"expectancy_ratio":-1.0,"sortino":-100,"sharpe":-100,"calmar":-100,"sqn":-100.0,"profit_factor":0.0,"max_drawdown_account":0.0,"max_drawdown_abs":0.0}],"results_per_enter_tag":[{"key":"","trades":1,"profit_mean":-0.001216517491097871,"profit_mean_pct":-0.12,"profit_total_abs":-0.28524574,"profit_total":-0.00028524574,"profit_total_pct":-0.03,"duration_avg":"1 day, 13:50:00","wins":0,"draws":0,"losses":1,"winrate":0.0,"cagr":-0.0988914461053173,"expectancy":-0.28524574,"expectancy_ratio":-1.0,"sortino":-100,"sharpe":-100,"calmar":-100,"sqn":-100.0,"profit_factor":0.0,"max_drawdown_account":0.0,"max_drawdown_abs":0.0},{"key":"TOTAL","trades":1,"profit_mean":-0.001216517491097871,"profit_mean_pct":-0.12,"profit_total_abs":-0.28524574,"profit_total":-0.00028524574,"profit_total_pct":-0.03,"duration_avg":"1 day, 13:50:00","wins":0,"draws":0,"losses":1,"winrate":0.0,"cagr":-0.0988914461053173,"expectancy":-0.28524574,"expectancy_ratio":-1.0,"sortino":-100,"sharpe":-100,"calmar":-100,"sqn":-100.0,"profit_factor":0.0,"max_drawdown_account":0.0,"max_drawdown_abs":0.0}],"exit_reason_summary":[{"key":"force_exit","trades":1,"profit_mean":-0.001216517491097871,"profit_mean_pct":-0.12,"profit_total_abs":-0.28524574,"profit_total":-0.00028524574,"profit_total_pct":-0.03,"duration_avg":"1 day, 13:50:00","wins":0,"draws":0,"losses":1,"winrate":0.0,"cagr":-0.0988914461053173,"expectancy":-0.28524574,"expectancy_ratio":-1.0,"sortino":-100,"sharpe":-100,"calmar":-100,"sqn":-100.0,"profit_factor":0.0,"max_drawdown_account":0.0,"max_drawdown_abs":0.0},{"key":"TOTAL","trades":1,"profit_mean":-0.001216517491097871,"profit_mean_pct":-0.12,"profit_total_abs":-0.28524574,"profit_total":-0.00028524574,"profit_total_pct":-0.03,"duration_avg":"1 day, 13:50:00","wins":0,"draws":0,"losses":1,"winrate":0.0,"cagr":-0.0988914461053173,"expectancy":-0.28524574,"expectancy_ratio":-1.0,"sortino":-100,"sharpe":-100,"calmar":-100,"sqn":-100.0,"profit_factor":0.0,"max_drawdown_account":0.0,"max_drawdown_abs":0.0}],"mix_tag_stats":[{"key":["","force_exit"],"trades":1,"profit_mean":-0.001216517491097871,"profit_mean_pct":-0.12,"profit_total_abs":-0.28524574,"profit_total":-0.00028524574,"profit_total_pct":-0.03,"duration_avg":"1 day, 13:50:00","wins":0,"draws":0,"losses":1,"winrate":0.0,"cagr":-0.0988914461053173,"expectancy":-0.28524574,"expectancy_ratio":-1.0,"sortino":-100,"sharpe":-100,"calmar":-100,"sqn":-100.0,"profit_factor":0.0,"max_drawdown_account":0.0,"max_drawdown_abs":0.0},{"key":"TOTAL","trades":1,"profit_mean":-0.001216517491097871,"profit_mean_pct":-0.12,"profit_total_abs":-0.28524574,"profit_total":-0.00028524574,"profit_total_pct":-0.03,"duration_avg":"1 day, 13:50:00","wins":0,"draws":0,"losses":1,"winrate":0.0,"cagr":-0.0988914461053173,"expectancy":-0.28524574,"expectancy_ratio":-1.0,"sortino":-100,"sharpe":-100,"calmar":-100,"sqn":-100.0,"profit_factor":0.0,"max_drawdown_account":0.0,"max_drawdown_abs":0.0}],"left_open_trades":[{"key":"BTC/USDT:USDT","trades":1,"profit_mean":-0.001216517491097871,"profit_mean_pct":-0.12,"profit_total_abs":-0.28524574,"profit_total":-0.00028524574,"profit_total_pct":-0.03,"duration_avg":"1 day, 13:50:00","wins":0,"draws":0,"losses":1,"winrate":0.0,"cagr":-0.0988914461053173,"expectancy":-0.28524574,"expectancy_ratio":-1.0,"sortino":-100,"sharpe":-100,"calmar":-100,"sqn":-100.0,"profit_factor":0.0,"max_drawdown_account":0.0,"max_drawdown_abs":0.0},{"key":"TOTAL","trades":1,"profit_mean":-0.001216517491097871,"profit_mean_pct":-0.12,"profit_total_abs":-0.28524574,"profit_total":-0.00028524574,"profit_total_pct":-0.03,"duration_avg":"1 day, 13:50:00","wins":0,"draws":0,"losses":1,"winrate":0.0,"cagr":-0.0988914461053173,"expectancy":-0.28524574,"expectancy_ratio":-1.0,"sortino":-100,"sharpe":-100,"calmar":-100,"sqn":-100.0,"profit_factor":0.0,"max_drawdown_account":0.0,"max_drawdown_abs":0.0}],"total_trades":1,"trade_count_long":0,"trade_count_short":1,"total_volume":469.53705119999995,"avg_stake_amount":234.5946,"profit_mean":-0.001216517491097871,"profit_median":-0.001216517491097871,"profit_total":-0.00028524574,"profit_total_long":0.0,"profit_total_short":-0.00028524574,"profit_total_abs":-0.28524574,"profit_total_long_abs":0.0,"profit_total_short_abs":-0.28524574,"cagr":-0.0988914461053173,"expectancy":-0.28524574,"expectancy_ratio":-1.0,"sortino":-100,"sharpe":-100,"calmar":-100,"sqn":-100.0,"profit_factor":0.0,"backtest_start":"2025-08-16 08:20:00","backtest_start_ts":1755332400000,"backtest_end":"2025-08-18 00:00:00","backtest_end_ts":1755475200000,"backtest_days":1,"backtest_run_start_ts":1757938646,"backtest_run_end_ts":1757938647,"trades_per_day":1.0,"market_change":-0.0015463948234498105,"pairlist":["BTC/USDT:USDT"],"stake_amount":"unlimited","stake_currency":"USDT","stake_currency_decimals":3,"starting_balance":1000,"dry_run_wallet":1000,"final_balance":999.71475426,"rejected_signals":0,"timedout_entry_orders":0,"timedout_exit_orders":0,"canceled_trade_entries":0,"canceled_entry_orders":0,"replaced_entry_orders":0,"max_open_trades":1,"max_open_trades_setting":3,"timeframe":"5m","timeframe_detail":"","timerange":"20250816-20250818","enable_protections":false,"strategy_name":"SkoRZ1RStrategyV2LogFix","stoploss":-1.0,"trailing_stop":false,"trailing_stop_positive":null,"trailing_stop_positive_offset":0.0,"trailing_only_offset_is_reached":false,"use_custom_stoploss":false,"minimal_roi":{"0":100},"use_exit_signal":true,"exit_profit_only":false,"exit_profit_offset":0.0,"ignore_roi_if_entry_signal":false,"trading_mode":"futures","margin_mode":"isolated","periodic_breakdown":{"day":[{"date":"18/08/2025","date_ts":1755475200000,"profit_abs":-0.28524574,"wins":0,"draws":0,"losses":1,"trades":1,"profit_factor":0.0}],"week":[{"date":"18/08/2025","date_ts":1755475200000,"profit_abs":-0.28524574,"wins":0,"draws":0,"losses":1,"trades":1,"profit_factor":0.0}],"month":[{"date":"31/08/2025","date_ts":1756598400000,"profit_abs":-0.28524574,"wins":0,"draws":0,"losses":1,"trades":1,"profit_factor":0.0}],"year":[{"date":"31/12/2025","date_ts":1767139200000,"profit_abs":-0.28524574,"wins":0,"draws":0,"losses":1,"trades":1,"profit_factor":0.0}]},"backtest_best_day":-0.001216517491097871,"backtest_worst_day":-0.001216517491097871,"backtest_best_day_abs":-0.28524574,"backtest_worst_day_abs":-0.28524574,"winning_days":0,"draw_days":0,"losing_days":1,"daily_profit":[["2025-08-18",-0.28524574]],"wins":0,"losses":1,"draws":0,"winrate":0.0,"holding_avg":"1 day, 13:50:00","holding_avg_s":136200.0,"winner_holding_min":"0d 00:00","winner_holding_min_s":0.0,"winner_holding_max":"0d 00:00","winner_holding_max_s":0.0,"winner_holding_avg":"0d 00:00","winner_holding_avg_s":0.0,"loser_holding_min":"1d 13:50","loser_holding_min_s":136200.0,"loser_holding_max":"1d 13:50","loser_holding_max_s":136200.0,"loser_holding_avg":"1d 13:50","loser_holding_avg_s":136200.0,"max_consecutive_wins":0,"max_consecutive_losses":1,"max_drawdown_account":0.0,"max_relative_drawdown":0.0,"max_drawdown_abs":0.0,"max_drawdown_low":0.0,"max_drawdown_high":0.0,"drawdown_start":"1970-01-01 00:00:00+00:00","drawdown_start_ts":0,"drawdown_end":"1970-01-01 00:00:00+00:00","drawdown_end_ts":0,"csum_min":0,"csum_max":0}},"strategy_comparison":[{"key":"SkoRZ1RStrategyV2LogFix","trades":1,"profit_mean":-0.001216517491097871,"profit_mean_pct":-0.12,"profit_total_abs":-0.28524574,"profit_total":-0.00028524574,"profit_total_pct":-0.03,"duration_avg":"1 day, 13:50:00","wins":0,"draws":0,"losses":1,"winrate":0.0,"cagr":-0.0988914461053173,"expectancy":-0.28524574,"expectancy_ratio":-1.0,"sortino":-100,"sharpe":-100,"calmar":-100,"sqn":-100.0,"profit_factor":0.0,"max_drawdown_account":0.0,"max_drawdown_abs":"0"}]}