{"$schema":"https://schema.freqtrade.io/schema.json","bot_name":"freqtrade","initial_state":"running","dry_run":true,"dry_run_wallet":1000,"trading_mode":"futures","stake_currency":"USDT","stake_amount":"unlimited","tradable_balance_ratio":0.99,"max_open_trades":3,"cancel_open_orders_on_exit":false,"fiat_display_currency":"USD","unfilledtimeout":{"entry":10,"exit":10,"exit_timeout_count":0,"unit":"minutes"},"entry_pricing":{"price_side":"same","use_order_book":true,"order_book_top":1,"price_last_balance":0.0,"check_depth_of_market":{"enabled":false,"bids_to_ask_delta":1}},"exit_pricing":{"price_side":"same","use_order_book":true,"order_book_top":1},"exchange":{"name":"binance","key":"REDACTED","secret":"REDACTED","ccxt_config":{"enableRateLimit":true,"options":{"defaultType":"future","defaultSubType":"linear","defaultSettle":"USDT"}},"ccxt_async_config":{},"pair_whitelist":["BTC/USDT:USDT","ETH/USDT:USDT"],"pair_blacklist":["BNB/.*"]},"margin_mode":"isolated","futures_leverage":1,"datadir":"user_data/data/binance_futures","pairlists":[{"method":"StaticPairList"}],"telegram":{"enabled":false,"token":"REDACTED","chat_id":"REDACTED"},"api_server":{"enabled":true,"listen_ip_address":"0.0.0.0","listen_port":8080,"verbosity":"error","enable_openapi":false,"jwt_secret_key":"change-me-please","ws_token":"change-me-too","CORS_origins":[],"username":"admin","password":"REDACTED"},"force_entry_enable":false,"internals":{"process_throttle_secs":5},"config_files":["user_data/config.json"]}