{"strategy":{"SkoRZ1RStrategyBlockFix":{"trades":[{"pair":"BTC/USDT:USDT","stake_amount":234.9108,"max_stake_amount":234.9108,"amount":0.002,"open_date":"2025-08-16 09:55:00+00:00","close_date":"2025-08-16 09:55:00+00:00","open_rate":117455.4,"close_rate":117455.4,"fee_open":0.0005,"fee_close":0.0005,"trade_duration":0,"profit_ratio":-0.0010005002501250625,"profit_abs":-0.2349108,"exit_reason":"take_profit","initial_stop_loss_abs":233736.2,"initial_stop_loss_ratio":-0.99,"stop_loss_abs":233736.2,"stop_loss_ratio":-0.99,"min_rate":117250.0,"max_rate":117468.1,"is_open":false,"enter_tag":"SKO_SHORT","leverage":1.0,"is_short":true,"open_timestamp":1755338100000,"close_timestamp":1755338100000,"orders":[{"amount":0.002,"safe_price":117455.4,"ft_order_side":"sell","order_filled_timestamp":1755338100000,"ft_is_entry":true,"ft_order_tag":"SKO_SHORT","cost":235.02825539999998},{"amount":0.002,"safe_price":117455.4,"ft_order_side":"buy","order_filled_timestamp":1755338100000,"ft_is_entry":false,"ft_order_tag":"take_profit","cost":235.02825539999998}],"funding_fees":0.0},{"pair":"BTC/USDT:USDT","stake_amount":234.5202,"max_stake_amount":234.5202,"amount":0.002,"open_date":"2025-08-16 10:00:00+00:00","close_date":"2025-08-16 10:00:00+00:00","open_rate":117260.1,"close_rate":117260.1,"fee_open":0.0005,"fee_close":0.0005,"trade_duration":0,"profit_ratio":-0.0009995002498750624,"profit_abs":-0.2345202,"exit_reason":"stop_loss","initial_stop_loss_abs":1172.7,"initial_stop_loss_ratio":-0.99,"stop_loss_abs":1172.7,"stop_loss_ratio":-0.99,"min_rate":117175.9,"max_rate":117407.8,"is_open":false,"enter_tag":"SKO_LONG","leverage":1.0,"is_short":false,"open_timestamp":1755338400000,"close_timestamp":1755338400000,"orders":[{"amount":0.002,"safe_price":117260.1,"ft_order_side":"buy","order_filled_timestamp":1755338400000,"ft_is_entry":true,"ft_order_tag":"SKO_LONG","cost":234.6374601},{"amount":0.002,"safe_price":117260.1,"ft_order_side":"sell","order_filled_timestamp":1755338400000,"ft_is_entry":false,"ft_order_tag":"stop_loss","cost":234.6374601}],"funding_fees":0.0},{"pair":"BTC/USDT:USDT","stake_amount":234.7488,"max_stake_amount":234.7488,"amount":0.002,"open_date":"2025-08-16 10:05:00+00:00","close_date":"2025-08-16 10:25:00+00:00","open_rate":117374.4,"close_rate":117223.0,"fee_open":0.0005,"fee_close":0.0005,"trade_duration":20,"profit_ratio":0.00029067973237426384,"profit_abs":0.0682026,"exit_reason":"take_profit","initial_stop_loss_abs":233575.0,"initial_stop_loss_ratio":-0.99,"stop_loss_abs":233575.0,"stop_loss_ratio":-0.99,"min_rate":117089.7,"max_rate":117388.3,"is_open":false,"enter_tag":"SKO_SHORT","leverage":1.0,"is_short":true,"open_timestamp":1755338700000,"close_timestamp":1755339900000,"orders":[{"amount":0.002,"safe_price":117374.4,"ft_order_side":"sell","order_filled_timestamp":1755338700000,"ft_is_entry":true,"ft_order_tag":"SKO_SHORT","cost":234.86617439999998},{"amount":0.002,"safe_price":117223.0,"ft_order_side":"buy","order_filled_timestamp":1755339900000,"ft_is_entry":false,"ft_order_tag":"take_profit","cost":234.563223}],"funding_fees":0.0},{"pair":"BTC/USDT:USDT","stake_amount":234.446,"max_stake_amount":234.446,"amount":0.002,"open_date":"2025-08-16 10:25:00+00:00","close_date":"2025-08-16 10:25:00+00:00","open_rate":117223.0,"close_rate":117223.0,"fee_open":0.0005,"fee_close":0.0005,"trade_duration":0,"profit_ratio":-0.0009995002498750624,"profit_abs":-0.234446,"exit_reason":"take_profit","initial_stop_loss_abs":1172.3,"initial_stop_loss_ratio":-0.99,"stop_loss_abs":1172.3,"stop_loss_ratio":-0.99,"min_rate":117180.9,"max_rate":117290.6,"is_open":false,"enter_tag":"SKO_LONG","leverage":1.0,"is_short":false,"open_timestamp":1755339900000,"close_timestamp":1755339900000,"orders":[{"amount":0.002,"safe_price":117223.0,"ft_order_side":"buy","order_filled_timestamp":1755339900000,"ft_is_entry":true,"ft_order_tag":"SKO_LONG","cost":234.563223},{"amount":0.002,"safe_price":117223.0,"ft_order_side":"sell","order_filled_timestamp":1755339900000,"ft_is_entry":false,"ft_order_tag":"take_profit","cost":234.563223}],"funding_fees":0.0},{"pair":"BTC/USDT:USDT","stake_amount":235.2172,"max_stake_amount":235.2172,"amount":0.002,"open_date":"2025-08-16 12:35:00+00:00","close_date":"2025-08-16 12:35:00+00:00","open_rate":117608.6,"close_rate":117608.6,"fee_open":0.0005,"fee_close":0.0005,"trade_duration":0,"profit_ratio":-0.0009995002498750624,"profit_abs":-0.2352172,"exit_reason":"take_profit","initial_stop_loss_abs":1176.1,"initial_stop_loss_ratio":-0.99,"stop_loss_abs":1176.1,"stop_loss_ratio":-0.99,"min_rate":117593.0,"max_rate":117697.7,"is_open":false,"enter_tag":"SKO_LONG","leverage":1.0,"is_short":false,"open_timestamp":1755347700000,"close_timestamp":1755347700000,"orders":[{"amount":0.002,"safe_price":117608.6,"ft_order_side":"buy","order_filled_timestamp":1755347700000,"ft_is_entry":true,"ft_order_tag":"SKO_LONG","cost":235.3348086},{"amount":0.002,"safe_price":117608.6,"ft_order_side":"sell","order_filled_timestamp":1755347700000,"ft_is_entry":false,"ft_order_tag":"take_profit","cost":235.3348086}],"funding_fees":0.0},{"pair":"BTC/USDT:USDT","stake_amount":235.3248,"max_stake_amount":235.3248,"amount":0.002,"open_date":"2025-08-16 17:15:00+00:00","close_date":"2025-08-16 17:15:00+00:00","open_rate":117662.4,"close_rate":117662.4,"fee_open":0.0005,"fee_close":0.0005,"trade_duration":0,"profit_ratio":-0.0010005002501250625,"profit_abs":-0.2353248,"exit_reason":"stop_loss","initial_stop_loss_abs":234148.1,"initial_stop_loss_ratio":-0.99,"stop_loss_abs":234148.1,"stop_loss_ratio":-0.99,"min_rate":117620.6,"max_rate":117662.5,"is_open":false,"enter_tag":"SKO_SHORT","leverage":1.0,"is_short":true,"open_timestamp":1755364500000,"close_timestamp":1755364500000,"orders":[{"amount":0.002,"safe_price":117662.4,"ft_order_side":"sell","order_filled_timestamp":1755364500000,"ft_is_entry":true,"ft_order_tag":"SKO_SHORT","cost":235.44246239999998},{"amount":0.002,"safe_price":117662.4,"ft_order_side":"buy","order_filled_timestamp":1755364500000,"ft_is_entry":false,"ft_order_tag":"stop_loss","cost":235.44246239999998}],"funding_fees":0.0},{"pair":"BTC/USDT:USDT","stake_amount":235.3034,"max_stake_amount":235.3034,"amount":0.002,"open_date":"2025-08-16 18:50:00+00:00","close_date":"2025-08-16 18:50:00+00:00","open_rate":117651.7,"close_rate":117651.7,"fee_open":0.0005,"fee_close":0.0005,"trade_duration":0,"profit_ratio":-0.0010005002501250625,"profit_abs":-0.2353034,"exit_reason":"stop_loss","initial_stop_loss_abs":234126.8,"initial_stop_loss_ratio":-0.99,"stop_loss_abs":234126.8,"stop_loss_ratio":-0.99,"min_rate":117616.8,"max_rate":117661.8,"is_open":false,"enter_tag":"SKO_SHORT","leverage":1.0,"is_short":true,"open_timestamp":1755370200000,"close_timestamp":1755370200000,"orders":[{"amount":0.002,"safe_price":117651.7,"ft_order_side":"sell","order_filled_timestamp":1755370200000,"ft_is_entry":true,"ft_order_tag":"SKO_SHORT","cost":235.4210517},{"amount":0.002,"safe_price":117651.7,"ft_order_side":"buy","order_filled_timestamp":1755370200000,"ft_is_entry":false,"ft_order_tag":"stop_loss","cost":235.4210517}],"funding_fees":0.0},{"pair":"BTC/USDT:USDT","stake_amount":234.5636,"max_stake_amount":234.5636,"amount":0.002,"open_date":"2025-08-16 22:05:00+00:00","close_date":"2025-08-16 22:05:00+00:00","open_rate":117281.8,"close_rate":117281.8,"fee_open":0.0005,"fee_close":0.0005,"trade_duration":0,"profit_ratio":-0.0009995002498750624,"profit_abs":-0.2345636,"exit_reason":"take_profit","initial_stop_loss_abs":1172.9,"initial_stop_loss_ratio":-0.99,"stop_loss_abs":1172.9,"stop_loss_ratio":-0.99,"min_rate":117257.6,"max_rate":117345.6,"is_open":false,"enter_tag":"SKO_LONG","leverage":1.0,"is_short":false,"open_timestamp":1755381900000,"close_timestamp":1755381900000,"orders":[{"amount":0.002,"safe_price":117281.8,"ft_order_side":"buy","order_filled_timestamp":1755381900000,"ft_is_entry":true,"ft_order_tag":"SKO_LONG","cost":234.6808818},{"amount":0.002,"safe_price":117281.8,"ft_order_side":"sell","order_filled_timestamp":1755381900000,"ft_is_entry":false,"ft_order_tag":"take_profit","cost":234.6808818}],"funding_fees":0.0},{"pair":"BTC/USDT:USDT","stake_amount":236.1746,"max_stake_amount":236.1746,"amount":0.002,"open_date":"2025-08-17 04:55:00+00:00","close_date":"2025-08-17 04:55:00+00:00","open_rate":118087.3,"close_rate":118087.3,"fee_open":0.0005,"fee_close":0.0005,"trade_duration":0,"profit_ratio":-0.0010005002501250625,"profit_abs":-0.2361746,"exit_reason":"take_profit","initial_stop_loss_abs":234993.7,"initial_stop_loss_ratio":-0.99,"stop_loss_abs":234993.7,"stop_loss_ratio":-0.99,"min_rate":117980.3,"max_rate":118087.3,"is_open":false,"enter_tag":"SKO_SHORT","leverage":1.0,"is_short":true,"open_timestamp":1755406500000,"close_timestamp":1755406500000,"orders":[{"amount":0.002,"safe_price":118087.3,"ft_order_side":"sell","order_filled_timestamp":1755406500000,"ft_is_entry":true,"ft_order_tag":"SKO_SHORT","cost":236.29268729999998},{"amount":0.002,"safe_price":118087.3,"ft_order_side":"buy","order_filled_timestamp":1755406500000,"ft_is_entry":false,"ft_order_tag":"take_profit","cost":236.29268729999998}],"funding_fees":0.0},{"pair":"BTC/USDT:USDT","stake_amount":236.5458,"max_stake_amount":236.5458,"amount":0.002,"open_date":"2025-08-17 08:55:00+00:00","close_date":"2025-08-17 08:55:00+00:00","open_rate":118272.9,"close_rate":118272.9,"fee_open":0.0005,"fee_close":0.0005,"trade_duration":0,"profit_ratio":-0.0009995002498750624,"profit_abs":-0.2365458,"exit_reason":"take_profit","initial_stop_loss_abs":1182.8,"initial_stop_loss_ratio":-0.99,"stop_loss_abs":1182.8,"stop_loss_ratio":-0.99,"min_rate":118257.6,"max_rate":118330.5,"is_open":false,"enter_tag":"SKO_LONG","leverage":1.0,"is_short":false,"open_timestamp":1755420900000,"close_timestamp":1755420900000,"orders":[{"amount":0.002,"safe_price":118272.9,"ft_order_side":"buy","order_filled_timestamp":1755420900000,"ft_is_entry":true,"ft_order_tag":"SKO_LONG","cost":236.66407289999998},{"amount":0.002,"safe_price":118272.9,"ft_order_side":"sell","order_filled_timestamp":1755420900000,"ft_is_entry":false,"ft_order_tag":"take_profit","cost":236.66407289999998}],"funding_fees":0.0},{"pair":"BTC/USDT:USDT","stake_amount":236.8866,"max_stake_amount":236.8866,"amount":0.002,"open_date":"2025-08-17 13:55:00+00:00","close_date":"2025-08-17 13:55:00+00:00","open_rate":118443.3,"close_rate":118443.3,"fee_open":0.0005,"fee_close":0.0005,"trade_duration":0,"profit_ratio":-0.0010005002501250627,"profit_abs":-0.2368866,"exit_reason":"take_profit","initial_stop_loss_abs":235702.1,"initial_stop_loss_ratio":-0.99,"stop_loss_abs":235702.1,"stop_loss_ratio":-0.99,"min_rate":118348.4,"max_rate":118443.4,"is_open":false,"enter_tag":"SKO_SHORT","leverage":1.0,"is_short":true,"open_timestamp":1755438900000,"close_timestamp":1755438900000,"orders":[{"amount":0.002,"safe_price":118443.3,"ft_order_side":"sell","order_filled_timestamp":1755438900000,"ft_is_entry":true,"ft_order_tag":"SKO_SHORT","cost":237.0050433},{"amount":0.002,"safe_price":118443.3,"ft_order_side":"buy","order_filled_timestamp":1755438900000,"ft_is_entry":false,"ft_order_tag":"take_profit","cost":237.0050433}],"funding_fees":0.0},{"pair":"BTC/USDT:USDT","stake_amount":236.098,"max_stake_amount":236.098,"amount":0.002,"open_date":"2025-08-17 16:15:00+00:00","close_date":"2025-08-17 16:15:00+00:00","open_rate":118049.0,"close_rate":118049.0,"fee_open":0.0005,"fee_close":0.0005,"trade_duration":0,"profit_ratio":-0.0010005002501250625,"profit_abs":-0.236098,"exit_reason":"stop_loss","initial_stop_loss_abs":234917.5,"initial_stop_loss_ratio":-0.99,"stop_loss_abs":234917.5,"stop_loss_ratio":-0.99,"min_rate":117913.9,"max_rate":118059.8,"is_open":false,"enter_tag":"SKO_SHORT","leverage":1.0,"is_short":true,"open_timestamp":1755447300000,"close_timestamp":1755447300000,"orders":[{"amount":0.002,"safe_price":118049.0,"ft_order_side":"sell","order_filled_timestamp":1755447300000,"ft_is_entry":true,"ft_order_tag":"SKO_SHORT","cost":236.216049},{"amount":0.002,"safe_price":118049.0,"ft_order_side":"buy","order_filled_timestamp":1755447300000,"ft_is_entry":false,"ft_order_tag":"stop_loss","cost":236.216049}],"funding_fees":0.0},{"pair":"BTC/USDT:USDT","stake_amount":235.9294,"max_stake_amount":235.9294,"amount":0.002,"open_date":"2025-08-17 16:20:00+00:00","close_date":"2025-08-17 16:20:00+00:00","open_rate":117964.7,"close_rate":117964.7,"fee_open":0.0005,"fee_close":0.0005,"trade_duration":0,"profit_ratio":-0.0009995002498750624,"profit_abs":-0.2359294,"exit_reason":"take_profit","initial_stop_loss_abs":1179.7,"initial_stop_loss_ratio":-0.99,"stop_loss_abs":1179.7,"stop_loss_ratio":-0.99,"min_rate":117951.1,"max_rate":118125.7,"is_open":false,"enter_tag":"SKO_LONG","leverage":1.0,"is_short":false,"open_timestamp":1755447600000,"close_timestamp":1755447600000,"orders":[{"amount":0.002,"safe_price":117964.7,"ft_order_side":"buy","order_filled_timestamp":1755447600000,"ft_is_entry":true,"ft_order_tag":"SKO_LONG","cost":236.04736469999997},{"amount":0.002,"safe_price":117964.7,"ft_order_side":"sell","order_filled_timestamp":1755447600000,"ft_is_entry":false,"ft_order_tag":"take_profit","cost":236.04736469999997}],"funding_fees":0.0},{"pair":"BTC/USDT:USDT","stake_amount":235.3882,"max_stake_amount":235.3882,"amount":0.002,"open_date":"2025-08-17 16:55:00+00:00","close_date":"2025-08-17 16:55:00+00:00","open_rate":117694.1,"close_rate":117694.1,"fee_open":0.0005,"fee_close":0.0005,"trade_duration":0,"profit_ratio":-0.0009995002498750624,"profit_abs":-0.2353882,"exit_reason":"take_profit","initial_stop_loss_abs":1177.0,"initial_stop_loss_ratio":-0.99,"stop_loss_abs":1177.0,"stop_loss_ratio":-0.99,"min_rate":117694.0,"max_rate":117797.1,"is_open":false,"enter_tag":"SKO_LONG","leverage":1.0,"is_short":false,"open_timestamp":1755449700000,"close_timestamp":1755449700000,"orders":[{"amount":0.002,"safe_price":117694.1,"ft_order_side":"buy","order_filled_timestamp":1755449700000,"ft_is_entry":true,"ft_order_tag":"SKO_LONG","cost":235.5058941},{"amount":0.002,"safe_price":117694.1,"ft_order_side":"sell","order_filled_timestamp":1755449700000,"ft_is_entry":false,"ft_order_tag":"take_profit","cost":235.5058941}],"funding_fees":0.0},{"pair":"BTC/USDT:USDT","stake_amount":235.0022,"max_stake_amount":235.0022,"amount":0.002,"open_date":"2025-08-17 19:00:00+00:00","close_date":"2025-08-17 19:00:00+00:00","open_rate":117501.1,"close_rate":117501.1,"fee_open":0.0005,"fee_close":0.0005,"trade_duration":0,"profit_ratio":-0.0010005002501250625,"profit_abs":-0.2350022,"exit_reason":"take_profit","initial_stop_loss_abs":233827.1,"initial_stop_loss_ratio":-0.99,"stop_loss_abs":233827.1,"stop_loss_ratio":-0.99,"min_rate":117407.3,"max_rate":117588.1,"is_open":false,"enter_tag":"SKO_SHORT","leverage":1.0,"is_short":true,"open_timestamp":1755457200000,"close_timestamp":1755457200000,"orders":[{"amount":0.002,"safe_price":117501.1,"ft_order_side":"sell","order_filled_timestamp":1755457200000,"ft_is_entry":true,"ft_order_tag":"SKO_SHORT","cost":235.11970110000001},{"amount":0.002,"safe_price":117501.1,"ft_order_side":"buy","order_filled_timestamp":1755457200000,"ft_is_entry":false,"ft_order_tag":"take_profit","cost":235.11970110000001}],"funding_fees":0.0}],"locks":[],"best_pair":{"key":"BTC/USDT:USDT","trades":15,"profit_mean":-0.000913954917841774,"profit_mean_pct":-0.09,"profit_total_abs":-3.2281082,"profit_total":-0.0032281082,"profit_total_pct":-0.32,"duration_avg":"0:01:00","wins":1,"draws":0,"losses":14,"winrate":0.06666666666666667,"cagr":-0.44571854799315214,"expectancy":-0.2152072133333333,"expectancy_ratio":-0.9140221203251425,"sortino":-41622.99413375675,"sharpe":-407.09359120010856,"calmar":-955.2486587271543,"sqn":-10.6304,"profit_factor":0.020690585365918775,"max_drawdown_account":0.0032281081999999514,"max_drawdown_abs":3.2281082},"worst_pair":{"key":"BTC/USDT:USDT","trades":15,"profit_mean":-0.000913954917841774,"profit_mean_pct":-0.09,"profit_total_abs":-3.2281082,"profit_total":-0.0032281082,"profit_total_pct":-0.32,"duration_avg":"0:01:00","wins":1,"draws":0,"losses":14,"winrate":0.06666666666666667,"cagr":-0.44571854799315214,"expectancy":-0.2152072133333333,"expectancy_ratio":-0.9140221203251425,"sortino":-41622.99413375675,"sharpe":-407.09359120010856,"calmar":-955.2486587271543,"sqn":-10.6304,"profit_factor":0.020690585365918775,"max_drawdown_account":0.0032281081999999514,"max_drawdown_abs":3.2281082},"results_per_pair":[{"key":"BTC/USDT:USDT","trades":15,"profit_mean":-0.000913954917841774,"profit_mean_pct":-0.09,"profit_total_abs":-3.2281082,"profit_total":-0.0032281082,"profit_total_pct":-0.32,"duration_avg":"0:01:00","wins":1,"draws":0,"losses":14,"winrate":0.06666666666666667,"cagr":-0.44571854799315214,"expectancy":-0.2152072133333333,"expectancy_ratio":-0.9140221203251425,"sortino":-41622.99413375675,"sharpe":-407.09359120010856,"calmar":-955.2486587271543,"sqn":-10.6304,"profit_factor":0.020690585365918775,"max_drawdown_account":0.0032281081999999514,"max_drawdown_abs":3.2281082},{"key":"TOTAL","trades":15,"profit_mean":-0.000913954917841774,"profit_mean_pct":-0.09,"profit_total_abs":-3.2281082,"profit_total":-0.0032281082,"profit_total_pct":-0.32,"duration_avg":"0:01:00","wins":1,"draws":0,"losses":14,"winrate":0.06666666666666667,"cagr":-0.44571854799315214,"expectancy":-0.2152072133333333,"expectancy_ratio":-0.9140221203251425,"sortino":-41622.99413375675,"sharpe":-407.09359120010856,"calmar":-955.2486587271543,"sqn":-10.6304,"profit_factor":0.020690585365918775,"max_drawdown_account":0.0032281081999999514,"max_drawdown_abs":3.2281082}],"results_per_enter_tag":[{"key":"SKO_SHORT","trades":8,"profit_mean":-0.0008391027523126468,"profit_mean_pct":-0.08,"profit_total_abs":-1.5814978000000002,"profit_total":-0.0015814978000000001,"profit_total_pct":-0.16,"duration_avg":"0:02:00","wins":1,"draws":0,"losses":7,"winrate":0.125,"cagr":-0.2508767962542664,"expectancy":-0.197687225,"expectancy_ratio":-0.8388253861125329,"sortino":-22365.562576376957,"sharpe":-150.32241597438068,"calmar":-955.248658727161,"sqn":-5.2043,"profit_factor":0.04134241587139095,"max_drawdown_account":0.0015814977999999654,"max_drawdown_abs":1.5814978},{"key":"SKO_LONG","trades":7,"profit_mean":-0.0009995002498750622,"profit_mean_pct":-0.1,"profit_total_abs":-1.6466104000000001,"profit_total":-0.0016466104,"profit_total_pct":-0.16,"duration_avg":"0:00:00","wins":0,"draws":0,"losses":7,"winrate":0.0,"cagr":-0.2597402037670523,"expectancy":-0.23523005714285716,"expectancy_ratio":-1.0,"sortino":-21325.245433419677,"sharpe":-21325.245433419677,"calmar":-955.2486587271482,"sqn":-781.1873,"profit_factor":0.0,"max_drawdown_account":0.001646610399999986,"max_drawdown_abs":1.6466104000000001},{"key":"TOTAL","trades":15,"profit_mean":-0.000913954917841774,"profit_mean_pct":-0.09,"profit_total_abs":-3.2281082,"profit_total":-0.0032281082,"profit_total_pct":-0.32,"duration_avg":"0:01:00","wins":1,"draws":0,"losses":14,"winrate":0.06666666666666667,"cagr":-0.44571854799315214,"expectancy":-0.2152072133333333,"expectancy_ratio":-0.9140221203251425,"sortino":-41622.99413375675,"sharpe":-407.09359120010856,"calmar":-955.2486587271543,"sqn":-10.6304,"profit_factor":0.020690585365918775,"max_drawdown_account":0.0032281081999999514,"max_drawdown_abs":3.2281082}],"exit_reason_summary":[{"key":"stop_loss","trades":4,"profit_mean":-0.0010002502500625625,"profit_mean_pct":-0.1,"profit_total_abs":-0.9412464,"profit_total":-0.0009412464,"profit_total_pct":-0.09,"duration_avg":"0:00:00","wins":0,"draws":0,"losses":4,"winrate":0.0,"cagr":-0.15790156148754086,"expectancy":-0.2353116,"expectancy_ratio":-1.0,"sortino":-16116.417272415694,"sharpe":-16116.417272415694,"calmar":-955.248658727186,"sqn":-730.5546,"profit_factor":0.0,"max_drawdown_account":0.0009412463999999546,"max_drawdown_abs":0.9412464},{"key":"take_profit","trades":11,"profit_mean":-0.0008825747970342146,"profit_mean_pct":-0.09,"profit_total_abs":-2.2868617999999996,"profit_total":-0.0022868617999999997,"profit_total_pct":-0.23,"duration_avg":"0:02:00","wins":1,"draws":0,"losses":10,"winrate":0.09090909090909091,"cagr":-0.3415259858663705,"expectancy":-0.20789652727272726,"expectancy_ratio":-0.8827636614638957,"sortino":-27455.767841073834,"sharpe":-250.19287037458764,"calmar":-955.248658727141,"sqn":-7.5295,"profit_factor":0.028959972389714695,"max_drawdown_account":0.002286861799999997,"max_drawdown_abs":2.2868618},{"key":"TOTAL","trades":15,"profit_mean":-0.000913954917841774,"profit_mean_pct":-0.09,"profit_total_abs":-3.2281082,"profit_total":-0.0032281082,"profit_total_pct":-0.32,"duration_avg":"0:01:00","wins":1,"draws":0,"losses":14,"winrate":0.06666666666666667,"cagr":-0.44571854799315214,"expectancy":-0.2152072133333333,"expectancy_ratio":-0.9140221203251425,"sortino":-41622.99413375675,"sharpe":-407.09359120010856,"calmar":-955.2486587271543,"sqn":-10.6304,"profit_factor":0.020690585365918775,"max_drawdown_account":0.0032281081999999514,"max_drawdown_abs":3.2281082}],"mix_tag_stats":[{"key":["SKO_LONG","stop_loss"],"trades":1,"profit_mean":-0.0009995002498750624,"profit_mean_pct":-0.1,"profit_total_abs":-0.2345202,"profit_total":-0.0002345202,"profit_total_pct":-0.02,"duration_avg":"0:00:00","wins":0,"draws":0,"losses":1,"winrate":0.0,"cagr":-0.041901756851345895,"expectancy":-0.2345202,"expectancy_ratio":-1.0,"sortino":-100,"sharpe":-100,"calmar":-100,"sqn":-100.0,"profit_factor":0.0,"max_drawdown_account":0.0,"max_drawdown_abs":0.0},{"key":["SKO_SHORT","stop_loss"],"trades":3,"profit_mean":-0.0010005002501250625,"profit_mean_pct":-0.1,"profit_total_abs":-0.7067262,"profit_total":-0.0007067261999999999,"profit_total_pct":-0.07,"duration_avg":"0:00:00","wins":0,"draws":0,"losses":3,"winrate":0.0,"cagr":-0.12104636390697221,"expectancy":-0.2355754,"expectancy_ratio":-1.0,"sortino":-18263.8310867428,"sharpe":-18263.8310867428,"calmar":-955.2486587270745,"sqn":-901.2996,"profit_factor":0.0,"max_drawdown_account":0.0007067262000000483,"max_drawdown_abs":0.7067262},{"key":["SKO_SHORT","take_profit"],"trades":5,"profit_mean":-0.0007422642536251972,"profit_mean_pct":-0.07,"profit_total_abs":-0.8747716000000001,"profit_total":-0.0008747716000000001,"profit_total_pct":-0.09,"duration_avg":"0:04:00","wins":1,"draws":0,"losses":4,"winrate":0.2,"cagr":-0.1476138989541228,"expectancy":-0.17495432000000005,"expectancy_ratio":-0.7421383108890995,"sortino":-10104.795465014293,"sharpe":-68.73001466785563,"calmar":-955.2486587271063,"sqn":-2.878,"profit_factor":0.07232711138862548,"max_drawdown_account":0.000874771600000031,"max_drawdown_abs":0.8747716000000001},{"key":["SKO_LONG","take_profit"],"trades":6,"profit_mean":-0.0009995002498750622,"profit_mean_pct":-0.1,"profit_total_abs":-1.4120902,"profit_total":-0.0014120902,"profit_total_pct":-0.14,"duration_avg":"0:00:00","wins":0,"draws":0,"losses":6,"winrate":0.0,"cagr":-0.22731868467400895,"expectancy":-0.23534836666666667,"expectancy_ratio":-1.0,"sortino":-18412.05026421513,"sharpe":-18412.05026421513,"calmar":-955.2486587271629,"sqn":-718.3225,"profit_factor":0.0,"max_drawdown_account":0.001412090199999966,"max_drawdown_abs":1.4120902},{"key":"TOTAL","trades":15,"profit_mean":-0.000913954917841774,"profit_mean_pct":-0.09,"profit_total_abs":-3.2281082,"profit_total":-0.0032281082,"profit_total_pct":-0.32,"duration_avg":"0:01:00","wins":1,"draws":0,"losses":14,"winrate":0.06666666666666667,"cagr":-0.44571854799315214,"expectancy":-0.2152072133333333,"expectancy_ratio":-0.9140221203251425,"sortino":-41622.99413375675,"sharpe":-407.09359120010856,"calmar":-955.2486587271543,"sqn":-10.6304,"profit_factor":0.020690585365918775,"max_drawdown_account":0.0032281081999999514,"max_drawdown_abs":3.2281082}],"left_open_trades":[{"key":"TOTAL","trades":0,"profit_mean":0.0,"profit_mean_pct":0.0,"profit_total_abs":0.0,"profit_total":0.0,"profit_total_pct":0.0,"duration_avg":"0:00","wins":0,"draws":0,"losses":0,"winrate":0.0,"cagr":0.0,"expectancy":0.0,"expectancy_ratio":100.0,"sortino":0,"sharpe":0,"calmar":0,"sqn":0.0,"profit_factor":0.0,"max_drawdown_account":0.0,"max_drawdown_abs":0.0}],"total_trades":15,"trade_count_long":7,"trade_count_short":8,"total_volume":7065.3473082,"avg_stake_amount":235.4039733333333,"profit_mean":-0.000913954917841774,"profit_median":-0.0009995002498750624,"profit_total":-0.0032281082,"profit_total_long":-0.0016466104,"profit_total_short":-0.0015814978000000001,"profit_total_abs":-3.2281082,"profit_total_long_abs":-1.6466104000000001,"profit_total_short_abs":-1.5814978000000002,"cagr":-0.44571854799315214,"expectancy":-0.2152072133333333,"expectancy_ratio":-0.9140221203251425,"sortino":-41622.99413375675,"sharpe":-407.09359120010856,"calmar":-955.2486587271543,"sqn":-10.6304,"profit_factor":0.020690585365918775,"backtest_start":"2025-08-16 00:00:00","backtest_start_ts":1755302400000,"backtest_end":"2025-08-18 00:00:00","backtest_end_ts":1755475200000,"backtest_days":2,"backtest_run_start_ts":1757955812,"backtest_run_end_ts":1757955812,"trades_per_day":7.5,"market_change":0.00017391749149589658,"pairlist":["BTC/USDT:USDT"],"stake_amount":"unlimited","stake_currency":"USDT","stake_currency_decimals":3,"starting_balance":1000,"dry_run_wallet":1000,"final_balance":996.7718918,"rejected_signals":0,"timedout_entry_orders":0,"timedout_exit_orders":0,"canceled_trade_entries":0,"canceled_entry_orders":0,"replaced_entry_orders":0,"max_open_trades":1,"max_open_trades_setting":3,"timeframe":"5m","timeframe_detail":"","timerange":"20250816-20250818","enable_protections":false,"strategy_name":"SkoRZ1RStrategyBlockFix","stoploss":-0.99,"trailing_stop":false,"trailing_stop_positive":null,"trailing_stop_positive_offset":0.0,"trailing_only_offset_is_reached":false,"use_custom_stoploss":false,"minimal_roi":{"0":10},"use_exit_signal":true,"exit_profit_only":false,"exit_profit_offset":0.0,"ignore_roi_if_entry_signal":false,"trading_mode":"futures","margin_mode":"isolated","periodic_breakdown":{"day":[{"date":"16/08/2025","date_ts":1755302400000,"profit_abs":-1.5760834,"wins":1,"draws":0,"losses":7,"trades":8,"profit_factor":0.04147855},{"date":"17/08/2025","date_ts":1755388800000,"profit_abs":-1.6520248,"wins":0,"draws":0,"losses":7,"trades":7,"profit_factor":0.0}],"week":[{"date":"18/08/2025","date_ts":1755475200000,"profit_abs":-3.2281082,"wins":1,"draws":0,"losses":14,"trades":15,"profit_factor":0.02069059}],"month":[{"date":"31/08/2025","date_ts":1756598400000,"profit_abs":-3.2281082,"wins":1,"draws":0,"losses":14,"trades":15,"profit_factor":0.02069059}],"year":[{"date":"31/12/2025","date_ts":1767139200000,"profit_abs":-3.2281082,"wins":1,"draws":0,"losses":14,"trades":15,"profit_factor":0.02069059}]},"backtest_best_day":-0.006708822017501174,"backtest_worst_day":-0.007000501750125438,"backtest_best_day_abs":-1.5760834,"backtest_worst_day_abs":-1.6520248,"winning_days":0,"draw_days":0,"losing_days":2,"daily_profit":[["2025-08-16",-1.5760834],["2025-08-17",-1.6520248]],"wins":1,"losses":14,"draws":0,"winrate":0.06666666666666667,"holding_avg":"0:01:00","holding_avg_s":60.0,"winner_holding_min":"0d 00:20","winner_holding_min_s":1200.0,"winner_holding_max":"0d 00:20","winner_holding_max_s":1200.0,"winner_holding_avg":"0d 00:20","winner_holding_avg_s":1200.0,"loser_holding_min":"0d 00:00","loser_holding_min_s":0.0,"loser_holding_max":"0d 00:00","loser_holding_max_s":0.0,"loser_holding_avg":"0d 00:00","loser_holding_avg_s":0.0,"max_consecutive_wins":1,"max_consecutive_losses":12,"max_drawdown_account":0.0032281081999999514,"max_relative_drawdown":0.0032281081999999514,"max_drawdown_abs":3.2281082,"drawdown_start":"2025-08-16 09:55:00","drawdown_start_ts":1755338100000.0,"drawdown_end":"2025-08-17 19:00:00","drawdown_end_ts":1755457200000.0,"max_drawdown_low":-3.2281082,"max_drawdown_high":-0.2349108,"csum_min":996.7718918,"csum_max":999.7650892}},"strategy_comparison":[{"key":"SkoRZ1RStrategyBlockFix","trades":15,"profit_mean":-0.000913954917841774,"profit_mean_pct":-0.09,"profit_total_abs":-3.2281082,"profit_total":-0.0032281082,"profit_total_pct":-0.32,"duration_avg":"0:01:00","wins":1,"draws":0,"losses":14,"winrate":0.06666666666666667,"cagr":-0.44571854799315214,"expectancy":-0.2152072133333333,"expectancy_ratio":-0.9140221203251425,"sortino":-41622.99413375675,"sharpe":-407.09359120010856,"calmar":-955.2486587271543,"sqn":-10.6304,"profit_factor":0.020690585365918775,"max_drawdown_account":0.0032281081999999514,"max_drawdown_abs":"3.228"}]}