{"strategy":{"SampleStrategy":{"trades":[{"pair":"BTC/USDT","stake_amount":329.371752,"max_stake_amount":329.371752,"amount":0.00309,"open_date":"2025-05-21 18:00:00+00:00","close_date":"2025-05-21 19:35:00+00:00","open_rate":106592.8,"close_rate":107873.19399399398,"fee_open":0.001,"fee_close":0.001,"trade_duration":95,"profit_ratio":0.00999000999000999,"profit_abs":3.29371752,"exit_reason":"roi","initial_stop_loss_abs":95933.52,"initial_stop_loss_ratio":-0.1,"stop_loss_abs":95933.52,"stop_loss_ratio":-0.1,"min_rate":106317.0,"max_rate":108371.54,"is_open":false,"enter_tag":"","leverage":1.0,"is_short":false,"open_timestamp":1747850400000,"close_timestamp":1747856100000,"orders":[{"amount":0.00309,"safe_price":106592.8,"ft_order_side":"buy","order_filled_timestamp":1747850400000,"ft_is_entry":true,"ft_order_tag":"","cost":329.701123752},{"amount":0.00309,"safe_price":107873.19399399398,"ft_order_side":"sell","order_filled_timestamp":1747856100000,"ft_is_entry":false,"ft_order_tag":"roi","cost":333.6614976108828}],"funding_fees":0.0},{"pair":"ETH/USDT","stake_amount":331.02544,"max_stake_amount":331.02544,"amount":0.124,"open_date":"2025-05-23 06:40:00+00:00","close_date":"2025-05-27 17:40:00+00:00","open_rate":2669.56,"close_rate":2701.6267867867864,"fee_open":0.001,"fee_close":0.001,"trade_duration":6420,"profit_ratio":0.009990009990009988,"profit_abs":3.3102544,"exit_reason":"roi","initial_stop_loss_abs":2402.61,"initial_stop_loss_ratio":-0.1,"stop_loss_abs":2402.61,"stop_loss_ratio":-0.1,"min_rate":2463.0,"max_rate":2702.91,"is_open":false,"enter_tag":"","leverage":1.0,"is_short":false,"open_timestamp":1747982400000,"close_timestamp":1748367600000,"orders":[{"amount":0.124,"safe_price":2669.56,"ft_order_side":"buy","order_filled_timestamp":1747982400000,"ft_is_entry":true,"ft_order_tag":"","cost":331.35646543999997},{"amount":0.124,"safe_price":2701.6267867867864,"ft_order_side":"sell","order_filled_timestamp":1748367600000,"ft_is_entry":false,"ft_order_tag":"roi","cost":335.33672328312304}],"funding_fees":0.0},{"pair":"ETH/USDT","stake_amount":332.03382,"max_stake_amount":332.03382,"amount":0.1266,"open_date":"2025-05-28 10:10:00+00:00","close_date":"2025-05-28 11:35:00+00:00","open_rate":2622.7,"close_rate":2654.2039039039037,"fee_open":0.001,"fee_close":0.001,"trade_duration":85,"profit_ratio":0.009990009990009992,"profit_abs":3.3203382,"exit_reason":"roi","initial_stop_loss_abs":2360.43,"initial_stop_loss_ratio":-0.1,"stop_loss_abs":2360.43,"stop_loss_ratio":-0.1,"min_rate":2618.96,"max_rate":2654.48,"is_open":false,"enter_tag":"","leverage":1.0,"is_short":false,"open_timestamp":1748427000000,"close_timestamp":1748432100000,"orders":[{"amount":0.1266,"safe_price":2622.7,"ft_order_side":"buy","order_filled_timestamp":1748427000000,"ft_is_entry":true,"ft_order_tag":"","cost":332.36585381999987},{"amount":0.1266,"safe_price":2654.2039039039037,"ft_order_side":"sell","order_filled_timestamp":1748432100000,"ft_is_entry":false,"ft_order_tag":"roi","cost":336.3582364484684}],"funding_fees":0.0},{"pair":"ETH/USDT","stake_amount":333.23532,"max_stake_amount":333.23532,"amount":0.1221,"open_date":"2025-05-29 04:55:00+00:00","close_date":"2025-06-05 20:20:00+00:00","open_rate":2729.2,"close_rate":2456.28,"fee_open":0.001,"fee_close":0.001,"trade_duration":11005,"profit_ratio":-0.10179820180419759,"profit_abs":-33.95667911,"exit_reason":"stop_loss","initial_stop_loss_abs":2456.28,"initial_stop_loss_ratio":-0.1,"stop_loss_abs":2456.28,"stop_loss_ratio":-0.1,"min_rate":2439.1,"max_rate":2744.42,"is_open":false,"enter_tag":"","leverage":1.0,"is_short":false,"open_timestamp":1748494500000,"close_timestamp":1749154800000,"orders":[{"amount":0.1221,"safe_price":2729.2,"ft_order_side":"buy","order_filled_timestamp":1748494500000,"ft_is_entry":true,"ft_order_tag":"","cost":333.56855532},{"amount":0.1221,"safe_price":2456.28,"ft_order_side":"sell","order_filled_timestamp":1749154800000,"ft_is_entry":false,"ft_order_tag":"stop_loss","cost":300.211699788}],"funding_fees":0.0},{"pair":"ETH/USDT","stake_amount":321.940949,"max_stake_amount":321.940949,"amount":0.1331,"open_date":"2025-06-05 21:20:00+00:00","close_date":"2025-06-06 03:35:00+00:00","open_rate":2418.79,"close_rate":2447.844534534534,"fee_open":0.001,"fee_close":0.001,"trade_duration":375,"profit_ratio":0.00999000999000999,"profit_abs":3.21940949,"exit_reason":"roi","initial_stop_loss_abs":2176.92,"initial_stop_loss_ratio":-0.1,"stop_loss_abs":2176.92,"stop_loss_ratio":-0.1,"min_rate":2381.49,"max_rate":2449.16,"is_open":false,"enter_tag":"","leverage":1.0,"is_short":false,"open_timestamp":1749158400000,"close_timestamp":1749180900000,"orders":[{"amount":0.1331,"safe_price":2418.79,"ft_order_side":"buy","order_filled_timestamp":1749158400000,"ft_is_entry":true,"ft_order_tag":"","cost":322.26288994899994},{"amount":0.1331,"safe_price":2447.844534534534,"ft_order_side":"sell","order_filled_timestamp":1749180900000,"ft_is_entry":false,"ft_order_tag":"roi","cost":326.13391565409296}],"funding_fees":0.0},{"pair":"ETH/USDT","stake_amount":322.96946,"max_stake_amount":322.96946,"amount":0.1294,"open_date":"2025-06-08 10:20:00+00:00","close_date":"2025-06-08 13:45:00+00:00","open_rate":2495.9,"close_rate":2525.8807807807807,"fee_open":0.001,"fee_close":0.001,"trade_duration":205,"profit_ratio":0.00999000999000999,"profit_abs":3.2296946,"exit_reason":"roi","initial_stop_loss_abs":2246.31,"initial_stop_loss_ratio":-0.1,"stop_loss_abs":2246.31,"stop_loss_ratio":-0.1,"min_rate":2492.84,"max_rate":2527.35,"is_open":false,"enter_tag":"","leverage":1.0,"is_short":false,"open_timestamp":1749378000000,"close_timestamp":1749390300000,"orders":[{"amount":0.1294,"safe_price":2495.9,"ft_order_side":"buy","order_filled_timestamp":1749378000000,"ft_is_entry":true,"ft_order_tag":"","cost":323.29242945999994},{"amount":0.1294,"safe_price":2525.8807807807807,"ft_order_side":"sell","order_filled_timestamp":1749390300000,"ft_is_entry":false,"ft_order_tag":"roi","cost":327.17582200606597}],"funding_fees":0.0},{"pair":"ETH/USDT","stake_amount":324.083985,"max_stake_amount":324.083985,"amount":0.1293,"open_date":"2025-06-08 23:10:00+00:00","close_date":"2025-06-09 10:30:00+00:00","open_rate":2506.45,"close_rate":2536.557507507507,"fee_open":0.001,"fee_close":0.001,"trade_duration":680,"profit_ratio":0.00999000999000999,"profit_abs":3.24083985,"exit_reason":"roi","initial_stop_loss_abs":2255.81,"initial_stop_loss_ratio":-0.1,"stop_loss_abs":2255.81,"stop_loss_ratio":-0.1,"min_rate":2477.73,"max_rate":2538.7,"is_open":false,"enter_tag":"","leverage":1.0,"is_short":false,"open_timestamp":1749424200000,"close_timestamp":1749465000000,"orders":[{"amount":0.1293,"safe_price":2506.45,"ft_order_side":"buy","order_filled_timestamp":1749424200000,"ft_is_entry":true,"ft_order_tag":"","cost":324.40806898499994},{"amount":0.1293,"safe_price":2536.557507507507,"ft_order_side":"sell","order_filled_timestamp":1749465000000,"ft_is_entry":false,"ft_order_tag":"roi","cost":328.3048626064413}],"funding_fees":0.0},{"pair":"ETH/USDT","stake_amount":325.042674,"max_stake_amount":325.042674,"amount":0.1177,"open_date":"2025-06-11 22:45:00+00:00","close_date":"2025-06-13 01:10:00+00:00","open_rate":2761.62,"close_rate":2485.46,"fee_open":0.001,"fee_close":0.001,"trade_duration":1585,"profit_ratio":-0.10179747904487395,"profit_abs":-33.12161332,"exit_reason":"stop_loss","initial_stop_loss_abs":2485.46,"initial_stop_loss_ratio":-0.1,"stop_loss_abs":2485.46,"stop_loss_ratio":-0.1,"min_rate":2455.03,"max_rate":2784.83,"is_open":false,"enter_tag":"","leverage":1.0,"is_short":false,"open_timestamp":1749681900000,"close_timestamp":1749777000000,"orders":[{"amount":0.1177,"safe_price":2761.62,"ft_order_side":"buy","order_filled_timestamp":1749681900000,"ft_is_entry":true,"ft_order_tag":"","cost":325.36771667399995},{"amount":0.1177,"safe_price":2485.46,"ft_order_side":"sell","order_filled_timestamp":1749777000000,"ft_is_entry":false,"ft_order_tag":"stop_loss","cost":292.83118064199994}],"funding_fees":0.0},{"pair":"ETH/USDT","stake_amount":314.219832,"max_stake_amount":314.219832,"amount":0.1257,"open_date":"2025-06-13 01:45:00+00:00","close_date":"2025-06-13 06:55:00+00:00","open_rate":2499.76,"close_rate":2529.787147147147,"fee_open":0.001,"fee_close":0.001,"trade_duration":310,"profit_ratio":0.00999000999000999,"profit_abs":3.14219832,"exit_reason":"roi","initial_stop_loss_abs":2249.79,"initial_stop_loss_ratio":-0.1,"stop_loss_abs":2249.79,"stop_loss_ratio":-0.1,"min_rate":2436.98,"max_rate":2534.43,"is_open":false,"enter_tag":"","leverage":1.0,"is_short":false,"open_timestamp":1749779100000,"close_timestamp":1749797700000,"orders":[{"amount":0.1257,"safe_price":2499.76,"ft_order_side":"buy","order_filled_timestamp":1749779100000,"ft_is_entry":true,"ft_order_tag":"","cost":314.53405183200005},{"amount":0.1257,"safe_price":2529.787147147147,"ft_order_side":"sell","order_filled_timestamp":1749797700000,"ft_is_entry":false,"ft_order_tag":"roi","cost":318.31223864079277}],"funding_fees":0.0},{"pair":"ETH/USDT","stake_amount":315.125896,"max_stake_amount":315.125896,"amount":0.1252,"open_date":"2025-06-13 14:35:00+00:00","close_date":"2025-06-13 15:35:00+00:00","open_rate":2516.98,"close_rate":2551.07,"fee_open":0.001,"fee_close":0.001,"trade_duration":60,"profit_ratio":0.011518946135033669,"profit_abs":3.63354814,"exit_reason":"roi","initial_stop_loss_abs":2265.29,"initial_stop_loss_ratio":-0.1,"stop_loss_abs":2265.29,"stop_loss_ratio":-0.1,"min_rate":2513.0,"max_rate":2557.89,"is_open":false,"enter_tag":"","leverage":1.0,"is_short":false,"open_timestamp":1749825300000,"close_timestamp":1749828900000,"orders":[{"amount":0.1252,"safe_price":2516.98,"ft_order_side":"buy","order_filled_timestamp":1749825300000,"ft_is_entry":true,"ft_order_tag":"","cost":315.441021896},{"amount":0.1252,"safe_price":2551.07,"ft_order_side":"sell","order_filled_timestamp":1749828900000,"ft_is_entry":false,"ft_order_tag":"roi","cost":319.713357964}],"funding_fees":0.0},{"pair":"ETH/USDT","stake_amount":316.429152,"max_stake_amount":316.429152,"amount":0.1248,"open_date":"2025-06-14 07:30:00+00:00","close_date":"2025-06-16 02:00:00+00:00","open_rate":2535.49,"close_rate":2565.9463363363357,"fee_open":0.001,"fee_close":0.001,"trade_duration":2550,"profit_ratio":0.00999000999000999,"profit_abs":3.16429152,"exit_reason":"roi","initial_stop_loss_abs":2281.95,"initial_stop_loss_ratio":-0.1,"stop_loss_abs":2281.95,"stop_loss_ratio":-0.1,"min_rate":2488.72,"max_rate":2570.79,"is_open":false,"enter_tag":"","leverage":1.0,"is_short":false,"open_timestamp":1749886200000,"close_timestamp":1750039200000,"orders":[{"amount":0.1248,"safe_price":2535.49,"ft_order_side":"buy","order_filled_timestamp":1749886200000,"ft_is_entry":true,"ft_order_tag":"","cost":316.7455811519999},{"amount":0.1248,"safe_price":2565.9463363363357,"ft_order_side":"sell","order_filled_timestamp":1750039200000,"ft_is_entry":false,"ft_order_tag":"roi","cost":320.5503328775494}],"funding_fees":0.0},{"pair":"ETH/USDT","stake_amount":317.44228,"max_stake_amount":317.44228,"amount":0.1217,"open_date":"2025-06-16 11:35:00+00:00","close_date":"2025-06-16 13:55:00+00:00","open_rate":2608.4,"close_rate":2639.7321321321315,"fee_open":0.001,"fee_close":0.001,"trade_duration":140,"profit_ratio":0.00999000999000999,"profit_abs":3.1744228,"exit_reason":"roi","initial_stop_loss_abs":2347.56,"initial_stop_loss_ratio":-0.1,"stop_loss_abs":2347.56,"stop_loss_ratio":-0.1,"min_rate":2604.7,"max_rate":2646.14,"is_open":false,"enter_tag":"","leverage":1.0,"is_short":false,"open_timestamp":1750073700000,"close_timestamp":1750082100000,"orders":[{"amount":0.1217,"safe_price":2608.4,"ft_order_side":"buy","order_filled_timestamp":1750073700000,"ft_is_entry":true,"ft_order_tag":"","cost":317.75972228},{"amount":0.1217,"safe_price":2639.7321321321315,"ft_order_side":"sell","order_filled_timestamp":1750082100000,"ft_is_entry":false,"ft_order_tag":"roi","cost":321.57665588096086}],"funding_fees":0.0},{"pair":"ETH/USDT","stake_amount":318.44736,"max_stake_amount":318.44736,"amount":0.1232,"open_date":"2025-06-16 23:10:00+00:00","close_date":"2025-06-17 02:55:00+00:00","open_rate":2584.8,"close_rate":2615.8486486486486,"fee_open":0.001,"fee_close":0.001,"trade_duration":225,"profit_ratio":0.00999000999000999,"profit_abs":3.1844736,"exit_reason":"roi","initial_stop_loss_abs":2326.32,"initial_stop_loss_ratio":-0.1,"stop_loss_abs":2326.32,"stop_loss_ratio":-0.1,"min_rate":2524.54,"max_rate":2617.27,"is_open":false,"enter_tag":"","leverage":1.0,"is_short":false,"open_timestamp":1750115400000,"close_timestamp":1750128900000,"orders":[{"amount":0.1232,"safe_price":2584.8,"ft_order_side":"buy","order_filled_timestamp":1750115400000,"ft_is_entry":true,"ft_order_tag":"","cost":318.76580736000005},{"amount":0.1232,"safe_price":2615.8486486486486,"ft_order_side":"sell","order_filled_timestamp":1750128900000,"ft_is_entry":false,"ft_order_tag":"roi","cost":322.594826067027}],"funding_fees":0.0},{"pair":"ETH/USDT","stake_amount":319.621428,"max_stake_amount":319.621428,"amount":0.1246,"open_date":"2025-06-17 10:25:00+00:00","close_date":"2025-06-20 08:40:00+00:00","open_rate":2565.18,"close_rate":2559.82,"fee_open":0.001,"fee_close":0.001,"trade_duration":4215,"profit_ratio":-0.00408334911176817,"profit_abs":-1.306431,"exit_reason":"exit_signal","initial_stop_loss_abs":2308.67,"initial_stop_loss_ratio":-0.1,"stop_loss_abs":2308.67,"stop_loss_ratio":-0.1,"min_rate":2453.8,"max_rate":2569.0,"is_open":false,"enter_tag":"","leverage":1.0,"is_short":false,"open_timestamp":1750155900000,"close_timestamp":1750408800000,"orders":[{"amount":0.1246,"safe_price":2565.18,"ft_order_side":"buy","order_filled_timestamp":1750155900000,"ft_is_entry":true,"ft_order_tag":"","cost":319.9410494279999},{"amount":0.1246,"safe_price":2559.82,"ft_order_side":"sell","order_filled_timestamp":1750408800000,"ft_is_entry":false,"ft_order_tag":"exit_signal","cost":319.27252557199995}],"funding_fees":0.0},{"pair":"ETH/USDT","stake_amount":319.227004,"max_stake_amount":319.227004,"amount":0.1259,"open_date":"2025-06-20 14:20:00+00:00","close_date":"2025-06-21 21:30:00+00:00","open_rate":2535.56,"close_rate":2282.01,"fee_open":0.001,"fee_close":0.001,"trade_duration":1870,"profit_ratio":-0.10179584017560457,"profit_abs":-32.52847706,"exit_reason":"stop_loss","initial_stop_loss_abs":2282.01,"initial_stop_loss_ratio":-0.1,"stop_loss_abs":2282.01,"stop_loss_ratio":-0.1,"min_rate":2245.0,"max_rate":2537.57,"is_open":false,"enter_tag":"","leverage":1.0,"is_short":false,"open_timestamp":1750429200000,"close_timestamp":1750541400000,"orders":[{"amount":0.1259,"safe_price":2535.56,"ft_order_side":"buy","order_filled_timestamp":1750429200000,"ft_is_entry":true,"ft_order_tag":"","cost":319.546231004},{"amount":0.1259,"safe_price":2282.01,"ft_order_side":"sell","order_filled_timestamp":1750541400000,"ft_is_entry":false,"ft_order_tag":"stop_loss","cost":287.592364059}],"funding_fees":0.0},{"pair":"BTC/USDT","stake_amount":330.105924,"max_stake_amount":330.105924,"amount":0.00298,"open_date":"2025-05-23 04:50:00+00:00","close_date":"2025-06-22 14:20:00+00:00","open_rate":110773.8,"close_rate":99696.42,"fee_open":0.001,"fee_close":0.001,"trade_duration":43770,"profit_ratio":-0.10179820181151752,"profit_abs":-33.63779366,"exit_reason":"stop_loss","initial_stop_loss_abs":99696.42,"initial_stop_loss_ratio":-0.1,"stop_loss_abs":99696.42,"stop_loss_ratio":-0.1,"min_rate":99545.61,"max_rate":111381.61,"is_open":false,"enter_tag":"","leverage":1.0,"is_short":false,"open_timestamp":1747975800000,"close_timestamp":1750602000000,"orders":[{"amount":0.00298,"safe_price":110773.8,"ft_order_side":"buy","order_filled_timestamp":1747975800000,"ft_is_entry":true,"ft_order_tag":"","cost":330.43602992399997},{"amount":0.00298,"safe_price":99696.42,"ft_order_side":"sell","order_filled_timestamp":1750602000000,"ft_is_entry":false,"ft_order_tag":"stop_loss","cost":297.39242693159997}],"funding_fees":0.0},{"pair":"BTC/USDT","stake_amount":296.564832,"max_stake_amount":296.564832,"amount":0.00298,"open_date":"2025-06-22 14:55:00+00:00","close_date":"2025-06-22 22:40:00+00:00","open_rate":99518.4,"close_rate":100713.81621621619,"fee_open":0.001,"fee_close":0.001,"trade_duration":465,"profit_ratio":0.00999000999000999,"profit_abs":2.96564832,"exit_reason":"roi","initial_stop_loss_abs":89566.56,"initial_stop_loss_ratio":-0.1,"stop_loss_abs":89566.56,"stop_loss_ratio":-0.1,"min_rate":98200.0,"max_rate":100912.0,"is_open":false,"enter_tag":"","leverage":1.0,"is_short":false,"open_timestamp":1750604100000,"close_timestamp":1750632000000,"orders":[{"amount":0.00298,"safe_price":99518.4,"ft_order_side":"buy","order_filled_timestamp":1750604100000,"ft_is_entry":true,"ft_order_tag":"","cost":296.8613968319999},{"amount":0.00298,"safe_price":100713.81621621619,"ft_order_side":"sell","order_filled_timestamp":1750632000000,"ft_is_entry":false,"ft_order_tag":"roi","cost":300.4272994966485}],"funding_fees":0.0},{"pair":"BTC/USDT","stake_amount":298.1974968,"max_stake_amount":298.1974968,"amount":0.00294,"open_date":"2025-06-23 10:50:00+00:00","close_date":"2025-06-23 17:35:00+00:00","open_rate":101427.72,"close_rate":102646.07099099098,"fee_open":0.001,"fee_close":0.001,"trade_duration":405,"profit_ratio":0.009990009996710254,"profit_abs":2.98197497,"exit_reason":"roi","initial_stop_loss_abs":91284.95,"initial_stop_loss_ratio":-0.1,"stop_loss_abs":91284.95,"stop_loss_ratio":-0.1,"min_rate":99613.33,"max_rate":102690.0,"is_open":false,"enter_tag":"","leverage":1.0,"is_short":false,"open_timestamp":1750675800000,"close_timestamp":1750700100000,"orders":[{"amount":0.00294,"safe_price":101427.72,"ft_order_side":"buy","order_filled_timestamp":1750675800000,"ft_is_entry":true,"ft_order_tag":"","cost":298.49569429679997},{"amount":0.00294,"safe_price":102646.07099099098,"ft_order_side":"sell","order_filled_timestamp":1750700100000,"ft_is_entry":false,"ft_order_tag":"roi","cost":302.081228162227}],"funding_fees":0.0},{"pair":"ETH/USDT","stake_amount":308.495925,"max_stake_amount":308.495925,"amount":0.1345,"open_date":"2025-06-21 23:50:00+00:00","close_date":"2025-06-23 19:35:00+00:00","open_rate":2293.65,"close_rate":2321.2013513513507,"fee_open":0.001,"fee_close":0.001,"trade_duration":2625,"profit_ratio":0.00999000999000999,"profit_abs":3.08495925,"exit_reason":"roi","initial_stop_loss_abs":2064.29,"initial_stop_loss_ratio":-0.1,"stop_loss_abs":2064.29,"stop_loss_ratio":-0.1,"min_rate":2111.89,"max_rate":2325.16,"is_open":false,"enter_tag":"","leverage":1.0,"is_short":false,"open_timestamp":1750549800000,"close_timestamp":1750707300000,"orders":[{"amount":0.1345,"safe_price":2293.65,"ft_order_side":"buy","order_filled_timestamp":1750549800000,"ft_is_entry":true,"ft_order_tag":"","cost":308.80442092500004},{"amount":0.1345,"safe_price":2321.2013513513507,"ft_order_side":"sell","order_filled_timestamp":1750707300000,"ft_is_entry":false,"ft_order_tag":"roi","cost":312.5137833385134}],"funding_fees":0.0},{"pair":"ETH/USDT","stake_amount":300.315988,"max_stake_amount":300.315988,"amount":0.1252,"open_date":"2025-06-24 08:25:00+00:00","close_date":"2025-06-24 09:25:00+00:00","open_rate":2398.69,"close_rate":2427.5030930930925,"fee_open":0.001,"fee_close":0.001,"trade_duration":60,"profit_ratio":0.00999000999000999,"profit_abs":3.00315988,"exit_reason":"roi","initial_stop_loss_abs":2158.83,"initial_stop_loss_ratio":-0.1,"stop_loss_abs":2158.83,"stop_loss_ratio":-0.1,"min_rate":2396.8,"max_rate":2449.14,"is_open":false,"enter_tag":"","leverage":1.0,"is_short":false,"open_timestamp":1750753500000,"close_timestamp":1750757100000,"orders":[{"amount":0.1252,"safe_price":2398.69,"ft_order_side":"buy","order_filled_timestamp":1750753500000,"ft_is_entry":true,"ft_order_tag":"","cost":300.61630398799997},{"amount":0.1252,"safe_price":2427.5030930930925,"ft_order_side":"sell","order_filled_timestamp":1750757100000,"ft_is_entry":false,"ft_order_tag":"roi","cost":304.2273106425104}],"funding_fees":0.0},{"pair":"BTC/USDT","stake_amount":299.84526,"max_stake_amount":299.84526,"amount":0.00286,"open_date":"2025-06-24 08:25:00+00:00","close_date":"2025-06-24 16:55:00+00:00","open_rate":104841.0,"close_rate":106100.35135135135,"fee_open":0.001,"fee_close":0.001,"trade_duration":510,"profit_ratio":0.00999000999000999,"profit_abs":2.9984526,"exit_reason":"roi","initial_stop_loss_abs":94356.91,"initial_stop_loss_ratio":-0.1,"stop_loss_abs":94356.91,"stop_loss_ratio":-0.1,"min_rate":104800.98,"max_rate":106268.0,"is_open":false,"enter_tag":"","leverage":1.0,"is_short":false,"open_timestamp":1750753500000,"close_timestamp":1750784100000,"orders":[{"amount":0.00286,"safe_price":104841.0,"ft_order_side":"buy","order_filled_timestamp":1750753500000,"ft_is_entry":true,"ft_order_tag":"","cost":300.14510526},{"amount":0.00286,"safe_price":106100.35135135135,"ft_order_side":"sell","order_filled_timestamp":1750784100000,"ft_is_entry":false,"ft_order_tag":"roi","cost":303.7504518697297}],"funding_fees":0.0},{"pair":"ETH/USDT","stake_amount":302.29822,"max_stake_amount":302.29822,"amount":0.1244,"open_date":"2025-06-25 05:30:00+00:00","close_date":"2025-06-26 01:30:00+00:00","open_rate":2430.05,"close_rate":2459.23978978979,"fee_open":0.001,"fee_close":0.001,"trade_duration":1200,"profit_ratio":0.009990009990009988,"profit_abs":3.0229822,"exit_reason":"roi","initial_stop_loss_abs":2187.05,"initial_stop_loss_ratio":-0.1,"stop_loss_abs":2187.05,"stop_loss_ratio":-0.1,"min_rate":2389.69,"max_rate":2474.87,"is_open":false,"enter_tag":"","leverage":1.0,"is_short":false,"open_timestamp":1750829400000,"close_timestamp":1750901400000,"orders":[{"amount":0.1244,"safe_price":2430.05,"ft_order_side":"buy","order_filled_timestamp":1750829400000,"ft_is_entry":true,"ft_order_tag":"","cost":302.60051821999997},{"amount":0.1244,"safe_price":2459.23978978979,"ft_order_side":"sell","order_filled_timestamp":1750901400000,"ft_is_entry":false,"ft_order_tag":"roi","cost":306.23535927969965}],"funding_fees":0.0},{"pair":"BTC/USDT","stake_amount":302.5165007,"max_stake_amount":302.5165007,"amount":0.00283,"open_date":"2025-06-27 01:15:00+00:00","close_date":"2025-06-29 10:15:00+00:00","open_rate":106896.29,"close_rate":108180.3295195195,"fee_open":0.001,"fee_close":0.001,"trade_duration":3420,"profit_ratio":0.009990009999916897,"profit_abs":3.02516501,"exit_reason":"roi","initial_stop_loss_abs":96206.67,"initial_stop_loss_ratio":-0.1,"stop_loss_abs":96206.67,"stop_loss_ratio":-0.1,"min_rate":106356.76,"max_rate":108185.61,"is_open":false,"enter_tag":"","leverage":1.0,"is_short":false,"open_timestamp":1750986900000,"close_timestamp":1751192100000,"orders":[{"amount":0.00283,"safe_price":106896.29,"ft_order_side":"buy","order_filled_timestamp":1750986900000,"ft_is_entry":true,"ft_order_tag":"","cost":302.8190172007},{"amount":0.00283,"safe_price":108180.3295195195,"ft_order_side":"sell","order_filled_timestamp":1751192100000,"ft_is_entry":false,"ft_order_tag":"roi","cost":306.4564828727804}],"funding_fees":0.0},{"pair":"ETH/USDT","stake_amount":303.39795,"max_stake_amount":303.39795,"amount":0.123,"open_date":"2025-06-26 10:10:00+00:00","close_date":"2025-06-29 22:45:00+00:00","open_rate":2466.65,"close_rate":2496.279429429429,"fee_open":0.001,"fee_close":0.001,"trade_duration":5075,"profit_ratio":0.00999000999000999,"profit_abs":3.0339795,"exit_reason":"roi","initial_stop_loss_abs":2219.99,"initial_stop_loss_ratio":-0.1,"stop_loss_abs":2219.99,"stop_loss_ratio":-0.1,"min_rate":2382.53,"max_rate":2510.47,"is_open":false,"enter_tag":"","leverage":1.0,"is_short":false,"open_timestamp":1750932600000,"close_timestamp":1751237100000,"orders":[{"amount":0.123,"safe_price":2466.65,"ft_order_side":"buy","order_filled_timestamp":1750932600000,"ft_is_entry":true,"ft_order_tag":"","cost":303.70134794999996},{"amount":0.123,"safe_price":2496.279429429429,"ft_order_side":"sell","order_filled_timestamp":1751237100000,"ft_is_entry":false,"ft_order_tag":"roi","cost":307.34941218963957}],"funding_fees":0.0},{"pair":"ETH/USDT","stake_amount":305.336421,"max_stake_amount":305.336421,"amount":0.1233,"open_date":"2025-06-30 07:20:00+00:00","close_date":"2025-06-30 19:20:00+00:00","open_rate":2476.37,"close_rate":2506.116186186186,"fee_open":0.001,"fee_close":0.001,"trade_duration":720,"profit_ratio":0.009990009990009988,"profit_abs":3.05336421,"exit_reason":"roi","initial_stop_loss_abs":2228.74,"initial_stop_loss_ratio":-0.1,"stop_loss_abs":2228.74,"stop_loss_ratio":-0.1,"min_rate":2431.0,"max_rate":2510.0,"is_open":false,"enter_tag":"","leverage":1.0,"is_short":false,"open_timestamp":1751268000000,"close_timestamp":1751311200000,"orders":[{"amount":0.1233,"safe_price":2476.37,"ft_order_side":"buy","order_filled_timestamp":1751268000000,"ft_is_entry":true,"ft_order_tag":"","cost":305.641757421},{"amount":0.1233,"safe_price":2506.116186186186,"ft_order_side":"sell","order_filled_timestamp":1751311200000,"ft_is_entry":false,"ft_order_tag":"roi","cost":309.31312988251346}],"funding_fees":0.0},{"pair":"ETH/USDT","stake_amount":306.299196,"max_stake_amount":306.299196,"amount":0.1246,"open_date":"2025-07-01 05:50:00+00:00","close_date":"2025-07-02 15:10:00+00:00","open_rate":2458.26,"close_rate":2487.788648648649,"fee_open":0.001,"fee_close":0.001,"trade_duration":2000,"profit_ratio":0.00999000999000999,"profit_abs":3.06299196,"exit_reason":"roi","initial_stop_loss_abs":2212.44,"initial_stop_loss_ratio":-0.1,"stop_loss_abs":2212.44,"stop_loss_ratio":-0.1,"min_rate":2373.0,"max_rate":2502.85,"is_open":false,"enter_tag":"","leverage":1.0,"is_short":false,"open_timestamp":1751349000000,"close_timestamp":1751469000000,"orders":[{"amount":0.1246,"safe_price":2458.26,"ft_order_side":"buy","order_filled_timestamp":1751349000000,"ft_is_entry":true,"ft_order_tag":"","cost":306.605495196},{"amount":0.1246,"safe_price":2487.788648648649,"ft_order_side":"sell","order_filled_timestamp":1751469000000,"ft_is_entry":false,"ft_order_tag":"roi","cost":310.2884440872433}],"funding_fees":0.0},{"pair":"BTC/USDT","stake_amount":304.3722449,"max_stake_amount":304.3722449,"amount":0.00283,"open_date":"2025-06-29 17:00:00+00:00","close_date":"2025-07-02 16:00:00+00:00","open_rate":107552.03,"close_rate":108843.94627627627,"fee_open":0.001,"fee_close":0.001,"trade_duration":4260,"profit_ratio":0.00999000999329216,"profit_abs":3.04372245,"exit_reason":"roi","initial_stop_loss_abs":96796.83,"initial_stop_loss_ratio":-0.1,"stop_loss_abs":96796.83,"stop_loss_ratio":-0.1,"min_rate":105100.19,"max_rate":108888.0,"is_open":false,"enter_tag":"","leverage":1.0,"is_short":false,"open_timestamp":1751216400000,"close_timestamp":1751472000000,"orders":[{"amount":0.00283,"safe_price":107552.03,"ft_order_side":"buy","order_filled_timestamp":1751216400000,"ft_is_entry":true,"ft_order_tag":"","cost":304.6766171449},{"amount":0.00283,"safe_price":108843.94627627627,"ft_order_side":"sell","order_filled_timestamp":1751472000000,"ft_is_entry":false,"ft_order_tag":"roi","cost":308.3363963298237}],"funding_fees":0.0},{"pair":"ETH/USDT","stake_amount":308.2541,"max_stake_amount":308.2541,"amount":0.1204,"open_date":"2025-07-03 02:50:00+00:00","close_date":"2025-07-03 05:30:00+00:00","open_rate":2560.25,"close_rate":2591.0037537537532,"fee_open":0.001,"fee_close":0.001,"trade_duration":160,"profit_ratio":0.00999000999000999,"profit_abs":3.082541,"exit_reason":"roi","initial_stop_loss_abs":2304.23,"initial_stop_loss_ratio":-0.1,"stop_loss_abs":2304.23,"stop_loss_ratio":-0.1,"min_rate":2559.34,"max_rate":2600.0,"is_open":false,"enter_tag":"","leverage":1.0,"is_short":false,"open_timestamp":1751511000000,"close_timestamp":1751520600000,"orders":[{"amount":0.1204,"safe_price":2560.25,"ft_order_side":"buy","order_filled_timestamp":1751511000000,"ft_is_entry":true,"ft_order_tag":"","cost":308.56235409999994},{"amount":0.1204,"safe_price":2591.0037537537532,"ft_order_side":"sell","order_filled_timestamp":1751520600000,"ft_is_entry":false,"ft_order_tag":"roi","cost":312.26880880390377}],"funding_fees":0.0},{"pair":"BTC/USDT","stake_amount":307.3914587,"max_stake_amount":307.3914587,"amount":0.00283,"open_date":"2025-07-03 02:50:00+00:00","close_date":"2025-07-03 09:20:00+00:00","open_rate":108618.89,"close_rate":109923.62141141138,"fee_open":0.001,"fee_close":0.001,"trade_duration":390,"profit_ratio":0.009990009999759781,"profit_abs":3.07391459,"exit_reason":"roi","initial_stop_loss_abs":97757.01,"initial_stop_loss_ratio":-0.1,"stop_loss_abs":97757.01,"stop_loss_ratio":-0.1,"min_rate":108566.14,"max_rate":109980.0,"is_open":false,"enter_tag":"","leverage":1.0,"is_short":false,"open_timestamp":1751511000000,"close_timestamp":1751534400000,"orders":[{"amount":0.00283,"safe_price":108618.89,"ft_order_side":"buy","order_filled_timestamp":1751511000000,"ft_is_entry":true,"ft_order_tag":"","cost":307.69885015869994},{"amount":0.00283,"safe_price":109923.62141141138,"ft_order_side":"sell","order_filled_timestamp":1751534400000,"ft_is_entry":false,"ft_order_tag":"roi","cost":311.3949324428885}],"funding_fees":0.0},{"pair":"BTC/USDT","stake_amount":309.59621,"max_stake_amount":309.59621,"amount":0.00284,"open_date":"2025-07-03 12:55:00+00:00","close_date":"2025-07-03 13:55:00+00:00","open_rate":109012.75,"close_rate":110328.07,"fee_open":0.001,"fee_close":0.001,"trade_duration":60,"profit_ratio":0.01004363521957003,"profit_abs":3.11258087,"exit_reason":"roi","initial_stop_loss_abs":98111.48,"initial_stop_loss_ratio":-0.1,"stop_loss_abs":98111.48,"stop_loss_ratio":-0.1,"min_rate":109012.75,"max_rate":110529.18,"is_open":false,"enter_tag":"","leverage":1.0,"is_short":false,"open_timestamp":1751547300000,"close_timestamp":1751550900000,"orders":[{"amount":0.00284,"safe_price":109012.75,"ft_order_side":"buy","order_filled_timestamp":1751547300000,"ft_is_entry":true,"ft_order_tag":"","cost":309.9058062099999},{"amount":0.00284,"safe_price":110328.07,"ft_order_side":"sell","order_filled_timestamp":1751550900000,"ft_is_entry":false,"ft_order_tag":"roi","cost":313.6450505188}],"funding_fees":0.0},{"pair":"ETH/USDT","stake_amount":311.45464,"max_stake_amount":311.45464,"amount":0.1217,"open_date":"2025-07-04 06:35:00+00:00","close_date":"2025-07-04 23:10:00+00:00","open_rate":2559.2,"close_rate":2517.78,"fee_open":0.001,"fee_close":0.001,"trade_duration":995,"profit_ratio":-0.018150410090404946,"profit_abs":-5.65868247,"exit_reason":"exit_signal","initial_stop_loss_abs":2303.28,"initial_stop_loss_ratio":-0.1,"stop_loss_abs":2303.28,"stop_loss_ratio":-0.1,"min_rate":2474.24,"max_rate":2564.93,"is_open":false,"enter_tag":"","leverage":1.0,"is_short":false,"open_timestamp":1751610900000,"close_timestamp":1751670600000,"orders":[{"amount":0.1217,"safe_price":2559.2,"ft_order_side":"buy","order_filled_timestamp":1751610900000,"ft_is_entry":true,"ft_order_tag":"","cost":311.76609463999995},{"amount":0.1217,"safe_price":2517.78,"ft_order_side":"sell","order_filled_timestamp":1751670600000,"ft_is_entry":false,"ft_order_tag":"exit_signal","cost":306.720239826}],"funding_fees":0.0},{"pair":"ETH/USDT","stake_amount":309.540854,"max_stake_amount":309.540854,"amount":0.1238,"open_date":"2025-07-05 16:55:00+00:00","close_date":"2025-07-06 13:25:00+00:00","open_rate":2500.33,"close_rate":2530.3639939939935,"fee_open":0.001,"fee_close":0.001,"trade_duration":1230,"profit_ratio":0.00999000999000999,"profit_abs":3.09540854,"exit_reason":"roi","initial_stop_loss_abs":2250.3,"initial_stop_loss_ratio":-0.1,"stop_loss_abs":2250.3,"stop_loss_ratio":-0.1,"min_rate":2487.95,"max_rate":2538.8,"is_open":false,"enter_tag":"","leverage":1.0,"is_short":false,"open_timestamp":1751734500000,"close_timestamp":1751808300000,"orders":[{"amount":0.1238,"safe_price":2500.33,"ft_order_side":"buy","order_filled_timestamp":1751734500000,"ft_is_entry":true,"ft_order_tag":"","cost":309.85039485399994},{"amount":0.1238,"safe_price":2530.3639939939935,"ft_order_side":"sell","order_filled_timestamp":1751808300000,"ft_is_entry":false,"ft_order_tag":"roi","cost":313.5723215189128}],"funding_fees":0.0},{"pair":"ETH/USDT","stake_amount":310.547564,"max_stake_amount":310.547564,"amount":0.1219,"open_date":"2025-07-07 13:25:00+00:00","close_date":"2025-07-08 11:05:00+00:00","open_rate":2547.56,"close_rate":2578.161321321321,"fee_open":0.001,"fee_close":0.001,"trade_duration":1300,"profit_ratio":0.00999000999000999,"profit_abs":3.10547564,"exit_reason":"roi","initial_stop_loss_abs":2292.81,"initial_stop_loss_ratio":-0.1,"stop_loss_abs":2292.81,"stop_loss_ratio":-0.1,"min_rate":2512.0,"max_rate":2585.38,"is_open":false,"enter_tag":"","leverage":1.0,"is_short":false,"open_timestamp":1751894700000,"close_timestamp":1751972700000,"orders":[{"amount":0.1219,"safe_price":2547.56,"ft_order_side":"buy","order_filled_timestamp":1751894700000,"ft_is_entry":true,"ft_order_tag":"","cost":310.85811156399996},{"amount":0.1219,"safe_price":2578.161321321321,"ft_order_side":"sell","order_filled_timestamp":1751972700000,"ft_is_entry":false,"ft_order_tag":"roi","cost":314.592142934138}],"funding_fees":0.0},{"pair":"BTC/USDT","stake_amount":311.3454,"max_stake_amount":311.3454,"amount":0.00285,"open_date":"2025-07-04 02:50:00+00:00","close_date":"2025-07-09 19:35:00+00:00","open_rate":109244.0,"close_rate":110556.24024024024,"fee_open":0.001,"fee_close":0.001,"trade_duration":8205,"profit_ratio":0.00999000999000999,"profit_abs":3.113454,"exit_reason":"roi","initial_stop_loss_abs":98319.6,"initial_stop_loss_ratio":-0.1,"stop_loss_abs":98319.6,"stop_loss_ratio":-0.1,"min_rate":107245.0,"max_rate":110990.0,"is_open":false,"enter_tag":"","leverage":1.0,"is_short":false,"open_timestamp":1751597400000,"close_timestamp":1752089700000,"orders":[{"amount":0.00285,"safe_price":109244.0,"ft_order_side":"buy","order_filled_timestamp":1751597400000,"ft_is_entry":true,"ft_order_tag":"","cost":311.6567454},{"amount":0.00285,"safe_price":110556.24024024024,"ft_order_side":"sell","order_filled_timestamp":1752089700000,"ft_is_entry":false,"ft_order_tag":"roi","cost":315.4003699693693}],"funding_fees":0.0},{"pair":"BTC/USDT","stake_amount":312.0102327,"max_stake_amount":312.0102327,"amount":0.00281,"open_date":"2025-07-10 10:55:00+00:00","close_date":"2025-07-10 16:25:00+00:00","open_rate":111035.67,"close_rate":112369.43180180178,"fee_open":0.001,"fee_close":0.001,"trade_duration":330,"profit_ratio":0.009990009999615452,"profit_abs":3.12010233,"exit_reason":"roi","initial_stop_loss_abs":99932.11,"initial_stop_loss_ratio":-0.1,"stop_loss_abs":99932.11,"stop_loss_ratio":-0.1,"min_rate":110500.0,"max_rate":112549.33,"is_open":false,"enter_tag":"","leverage":1.0,"is_short":false,"open_timestamp":1752144900000,"close_timestamp":1752164700000,"orders":[{"amount":0.00281,"safe_price":111035.67,"ft_order_side":"buy","order_filled_timestamp":1752144900000,"ft_is_entry":true,"ft_order_tag":"","cost":312.32224293269996},{"amount":0.00281,"safe_price":112369.43180180178,"ft_order_side":"sell","order_filled_timestamp":1752164700000,"ft_is_entry":false,"ft_order_tag":"roi","cost":316.073861466426}],"funding_fees":0.0},{"pair":"BTC/USDT","stake_amount":312.910917,"max_stake_amount":312.910917,"amount":0.00267,"open_date":"2025-07-11 16:25:00+00:00","close_date":"2025-07-13 12:50:00+00:00","open_rate":117195.1,"close_rate":118602.84894894894,"fee_open":0.001,"fee_close":0.001,"trade_duration":2665,"profit_ratio":0.00999000999000999,"profit_abs":3.12910917,"exit_reason":"roi","initial_stop_loss_abs":105475.6,"initial_stop_loss_ratio":-0.1,"stop_loss_abs":105475.6,"stop_loss_ratio":-0.1,"min_rate":116900.05,"max_rate":118636.92,"is_open":false,"enter_tag":"","leverage":1.0,"is_short":false,"open_timestamp":1752251100000,"close_timestamp":1752411000000,"orders":[{"amount":0.00267,"safe_price":117195.1,"ft_order_side":"buy","order_filled_timestamp":1752251100000,"ft_is_entry":true,"ft_order_tag":"","cost":313.223827917},{"amount":0.00267,"safe_price":118602.84894894894,"ft_order_side":"sell","order_filled_timestamp":1752411000000,"ft_is_entry":false,"ft_order_tag":"roi","cost":316.9862763003874}],"funding_fees":0.0},{"pair":"ETH/USDT","stake_amount":313.510147,"max_stake_amount":313.510147,"amount":0.1051,"open_date":"2025-07-11 11:55:00+00:00","close_date":"2025-07-13 14:20:00+00:00","open_rate":2982.97,"close_rate":3018.8014714714704,"fee_open":0.001,"fee_close":0.001,"trade_duration":3025,"profit_ratio":0.00999000999000999,"profit_abs":3.13510147,"exit_reason":"roi","initial_stop_loss_abs":2684.68,"initial_stop_loss_ratio":-0.1,"stop_loss_abs":2684.68,"stop_loss_ratio":-0.1,"min_rate":2903.85,"max_rate":3020.31,"is_open":false,"enter_tag":"","leverage":1.0,"is_short":false,"open_timestamp":1752234900000,"close_timestamp":1752416400000,"orders":[{"amount":0.1051,"safe_price":2982.97,"ft_order_side":"buy","order_filled_timestamp":1752234900000,"ft_is_entry":true,"ft_order_tag":"","cost":313.82365714699995},{"amount":0.1051,"safe_price":3018.8014714714704,"ft_order_side":"sell","order_filled_timestamp":1752416400000,"ft_is_entry":false,"ft_order_tag":"roi","cost":317.59331068630314}],"funding_fees":0.0},{"pair":"ETH/USDT","stake_amount":315.789674,"max_stake_amount":315.789674,"amount":0.1061,"open_date":"2025-07-13 21:50:00+00:00","close_date":"2025-07-14 02:45:00+00:00","open_rate":2976.34,"close_rate":3012.0918318318313,"fee_open":0.001,"fee_close":0.001,"trade_duration":295,"profit_ratio":0.00999000999000999,"profit_abs":3.15789674,"exit_reason":"roi","initial_stop_loss_abs":2678.71,"initial_stop_loss_ratio":-0.1,"stop_loss_abs":2678.71,"stop_loss_ratio":-0.1,"min_rate":2946.31,"max_rate":3016.29,"is_open":false,"enter_tag":"","leverage":1.0,"is_short":false,"open_timestamp":1752443400000,"close_timestamp":1752461100000,"orders":[{"amount":0.1061,"safe_price":2976.34,"ft_order_side":"buy","order_filled_timestamp":1752443400000,"ft_is_entry":true,"ft_order_tag":"","cost":316.10546367399996},{"amount":0.1061,"safe_price":3012.0918318318313,"ft_order_side":"sell","order_filled_timestamp":1752461100000,"ft_is_entry":false,"ft_order_tag":"roi","cost":319.9025263007146}],"funding_fees":0.0},{"pair":"ETH/USDT","stake_amount":316.797488,"max_stake_amount":316.797488,"amount":0.1064,"open_date":"2025-07-15 01:30:00+00:00","close_date":"2025-07-15 12:30:00+00:00","open_rate":2977.42,"close_rate":3013.1848048048046,"fee_open":0.001,"fee_close":0.001,"trade_duration":660,"profit_ratio":0.00999000999000999,"profit_abs":3.16797488,"exit_reason":"roi","initial_stop_loss_abs":2679.68,"initial_stop_loss_ratio":-0.1,"stop_loss_abs":2679.68,"stop_loss_ratio":-0.1,"min_rate":2932.46,"max_rate":3013.66,"is_open":false,"enter_tag":"","leverage":1.0,"is_short":false,"open_timestamp":1752543000000,"close_timestamp":1752582600000,"orders":[{"amount":0.1064,"safe_price":2977.42,"ft_order_side":"buy","order_filled_timestamp":1752543000000,"ft_is_entry":true,"ft_order_tag":"","cost":317.11428548799995},{"amount":0.1064,"safe_price":3013.1848048048046,"ft_order_side":"sell","order_filled_timestamp":1752582600000,"ft_is_entry":false,"ft_order_tag":"roi","cost":320.9234660944624}],"funding_fees":0.0},{"pair":"ETH/USDT","stake_amount":317.566144,"max_stake_amount":317.566144,"amount":0.0926,"open_date":"2025-07-17 12:15:00+00:00","close_date":"2025-07-17 21:10:00+00:00","open_rate":3429.44,"close_rate":3470.6344744744742,"fee_open":0.001,"fee_close":0.001,"trade_duration":535,"profit_ratio":0.009990009990009988,"profit_abs":3.17566144,"exit_reason":"roi","initial_stop_loss_abs":3086.5,"initial_stop_loss_ratio":-0.1,"stop_loss_abs":3086.5,"stop_loss_ratio":-0.1,"min_rate":3361.2,"max_rate":3486.0,"is_open":false,"enter_tag":"","leverage":1.0,"is_short":false,"open_timestamp":1752754500000,"close_timestamp":1752786600000,"orders":[{"amount":0.0926,"safe_price":3429.44,"ft_order_side":"buy","order_filled_timestamp":1752754500000,"ft_is_entry":true,"ft_order_tag":"","cost":317.88371014399996},{"amount":0.0926,"safe_price":3470.6344744744742,"ft_order_side":"sell","order_filled_timestamp":1752786600000,"ft_is_entry":false,"ft_order_tag":"roi","cost":321.70213308867267}],"funding_fees":0.0},{"pair":"ETH/USDT","stake_amount":318.61011,"max_stake_amount":318.61011,"amount":0.091,"open_date":"2025-07-18 20:45:00+00:00","close_date":"2025-07-18 21:45:00+00:00","open_rate":3501.21,"close_rate":3555.35,"fee_open":0.001,"fee_close":0.001,"trade_duration":60,"profit_ratio":0.013434328017000865,"profit_abs":4.28459304,"exit_reason":"roi","initial_stop_loss_abs":3151.09,"initial_stop_loss_ratio":-0.1,"stop_loss_abs":3151.09,"stop_loss_ratio":-0.1,"min_rate":3499.01,"max_rate":3571.93,"is_open":false,"enter_tag":"","leverage":1.0,"is_short":false,"open_timestamp":1752871500000,"close_timestamp":1752875100000,"orders":[{"amount":0.091,"safe_price":3501.21,"ft_order_side":"buy","order_filled_timestamp":1752871500000,"ft_is_entry":true,"ft_order_tag":"","cost":318.92872011},{"amount":0.091,"safe_price":3555.35,"ft_order_side":"sell","order_filled_timestamp":1752875100000,"ft_is_entry":false,"ft_order_tag":"roi","cost":323.86038684999994}],"funding_fees":0.0},{"pair":"ETH/USDT","stake_amount":320.3154,"max_stake_amount":320.3154,"amount":0.09,"open_date":"2025-07-19 21:30:00+00:00","close_date":"2025-07-20 01:05:00+00:00","open_rate":3559.06,"close_rate":3601.811471471471,"fee_open":0.001,"fee_close":0.001,"trade_duration":215,"profit_ratio":0.00999000999000999,"profit_abs":3.203154,"exit_reason":"roi","initial_stop_loss_abs":3203.16,"initial_stop_loss_ratio":-0.1,"stop_loss_abs":3203.16,"stop_loss_ratio":-0.1,"min_rate":3548.21,"max_rate":3617.44,"is_open":false,"enter_tag":"","leverage":1.0,"is_short":false,"open_timestamp":1752960600000,"close_timestamp":1752973500000,"orders":[{"amount":0.09,"safe_price":3559.06,"ft_order_side":"buy","order_filled_timestamp":1752960600000,"ft_is_entry":true,"ft_order_tag":"","cost":320.6357154},{"amount":0.09,"safe_price":3601.811471471471,"ft_order_side":"sell","order_filled_timestamp":1752973500000,"ft_is_entry":false,"ft_order_tag":"roi","cost":324.4871954648648}],"funding_fees":0.0},{"pair":"ETH/USDT","stake_amount":321.22697,"max_stake_amount":321.22697,"amount":0.0851,"open_date":"2025-07-21 16:30:00+00:00","close_date":"2025-07-27 10:40:00+00:00","open_rate":3774.7,"close_rate":3820.0417417417407,"fee_open":0.001,"fee_close":0.001,"trade_duration":8290,"profit_ratio":0.00999000999000999,"profit_abs":3.2122697,"exit_reason":"roi","initial_stop_loss_abs":3397.23,"initial_stop_loss_ratio":-0.1,"stop_loss_abs":3397.23,"stop_loss_ratio":-0.1,"min_rate":3502.85,"max_rate":3823.0,"is_open":false,"enter_tag":"","leverage":1.0,"is_short":false,"open_timestamp":1753115400000,"close_timestamp":1753612800000,"orders":[{"amount":0.0851,"safe_price":3774.7,"ft_order_side":"buy","order_filled_timestamp":1753115400000,"ft_is_entry":true,"ft_order_tag":"","cost":321.54819696999994},{"amount":0.0851,"safe_price":3820.0417417417407,"ft_order_side":"sell","order_filled_timestamp":1753612800000,"ft_is_entry":false,"ft_order_tag":"roi","cost":325.4106377744443}],"funding_fees":0.0},{"pair":"ETH/USDT","stake_amount":322.30691,"max_stake_amount":322.30691,"amount":0.0829,"open_date":"2025-07-28 07:25:00+00:00","close_date":"2025-07-31 01:15:00+00:00","open_rate":3887.9,"close_rate":3839.79,"fee_open":0.001,"fee_close":0.001,"trade_duration":3950,"profit_ratio":-0.014347567602010704,"profit_abs":-4.6289445,"exit_reason":"exit_signal","initial_stop_loss_abs":3499.11,"initial_stop_loss_ratio":-0.1,"stop_loss_abs":3499.11,"stop_loss_ratio":-0.1,"min_rate":3677.65,"max_rate":3901.94,"is_open":false,"enter_tag":"","leverage":1.0,"is_short":false,"open_timestamp":1753687500000,"close_timestamp":1753924500000,"orders":[{"amount":0.0829,"safe_price":3887.9,"ft_order_side":"buy","order_filled_timestamp":1753687500000,"ft_is_entry":true,"ft_order_tag":"","cost":322.62921690999997},{"amount":0.0829,"safe_price":3839.79,"ft_order_side":"sell","order_filled_timestamp":1753924500000,"ft_is_entry":false,"ft_order_tag":"exit_signal","cost":318.636909591}],"funding_fees":0.0},{"pair":"ETH/USDT","stake_amount":320.615076,"max_stake_amount":320.615076,"amount":0.0842,"open_date":"2025-07-31 13:40:00+00:00","close_date":"2025-08-02 17:45:00+00:00","open_rate":3807.78,"close_rate":3427.01,"fee_open":0.001,"fee_close":0.001,"trade_duration":3125,"profit_ratio":-0.10179610504044405,"profit_abs":-32.67000332,"exit_reason":"stop_loss","initial_stop_loss_abs":3427.01,"initial_stop_loss_ratio":-0.1,"stop_loss_abs":3427.01,"stop_loss_ratio":-0.1,"min_rate":3424.0,"max_rate":3819.0,"is_open":false,"enter_tag":"","leverage":1.0,"is_short":false,"open_timestamp":1753969200000,"close_timestamp":1754156700000,"orders":[{"amount":0.0842,"safe_price":3807.78,"ft_order_side":"buy","order_filled_timestamp":1753969200000,"ft_is_entry":true,"ft_order_tag":"","cost":320.93569107599996},{"amount":0.0842,"safe_price":3427.01,"ft_order_side":"sell","order_filled_timestamp":1754156700000,"ft_is_entry":false,"ft_order_tag":"stop_loss","cost":288.84279624199996}],"funding_fees":0.0},{"pair":"ETH/USDT","stake_amount":309.939444,"max_stake_amount":309.939444,"amount":0.0908,"open_date":"2025-08-02 18:25:00+00:00","close_date":"2025-08-03 05:05:00+00:00","open_rate":3413.43,"close_rate":3454.4321621621616,"fee_open":0.001,"fee_close":0.001,"trade_duration":640,"profit_ratio":0.009990009990009992,"profit_abs":3.09939444,"exit_reason":"roi","initial_stop_loss_abs":3072.09,"initial_stop_loss_ratio":-0.1,"stop_loss_abs":3072.09,"stop_loss_ratio":-0.1,"min_rate":3354.28,"max_rate":3454.95,"is_open":false,"enter_tag":"","leverage":1.0,"is_short":false,"open_timestamp":1754159100000,"close_timestamp":1754197500000,"orders":[{"amount":0.0908,"safe_price":3413.43,"ft_order_side":"buy","order_filled_timestamp":1754159100000,"ft_is_entry":true,"ft_order_tag":"","cost":310.24938344399993},{"amount":0.0908,"safe_price":3454.4321621621616,"ft_order_side":"sell","order_filled_timestamp":1754197500000,"ft_is_entry":false,"ft_order_tag":"roi","cost":313.97610276464854}],"funding_fees":0.0},{"pair":"ETH/USDT","stake_amount":311.098876,"max_stake_amount":311.098876,"amount":0.0859,"open_date":"2025-08-05 07:50:00+00:00","close_date":"2025-08-05 09:45:00+00:00","open_rate":3621.64,"close_rate":3665.1431831831824,"fee_open":0.001,"fee_close":0.001,"trade_duration":115,"profit_ratio":0.009990009990009992,"profit_abs":3.11098876,"exit_reason":"roi","initial_stop_loss_abs":3259.48,"initial_stop_loss_ratio":-0.1,"stop_loss_abs":3259.48,"stop_loss_ratio":-0.1,"min_rate":3608.1,"max_rate":3666.55,"is_open":false,"enter_tag":"","leverage":1.0,"is_short":false,"open_timestamp":1754380200000,"close_timestamp":1754387100000,"orders":[{"amount":0.0859,"safe_price":3621.64,"ft_order_side":"buy","order_filled_timestamp":1754380200000,"ft_is_entry":true,"ft_order_tag":"","cost":311.409974876},{"amount":0.0859,"safe_price":3665.1431831831824,"ft_order_side":"sell","order_filled_timestamp":1754387100000,"ft_is_entry":false,"ft_order_tag":"roi","cost":315.1506352348708}],"funding_fees":0.0},{"pair":"ETH/USDT","stake_amount":311.98852,"max_stake_amount":311.98852,"amount":0.0872,"open_date":"2025-08-05 15:00:00+00:00","close_date":"2025-08-05 23:40:00+00:00","open_rate":3577.85,"close_rate":3620.8271771771765,"fee_open":0.001,"fee_close":0.001,"trade_duration":520,"profit_ratio":0.00999000999000999,"profit_abs":3.1198852,"exit_reason":"roi","initial_stop_loss_abs":3220.07,"initial_stop_loss_ratio":-0.1,"stop_loss_abs":3220.07,"stop_loss_ratio":-0.1,"min_rate":3546.0,"max_rate":3624.56,"is_open":false,"enter_tag":"","leverage":1.0,"is_short":false,"open_timestamp":1754406000000,"close_timestamp":1754437200000,"orders":[{"amount":0.0872,"safe_price":3577.85,"ft_order_side":"buy","order_filled_timestamp":1754406000000,"ft_is_entry":true,"ft_order_tag":"","cost":312.30050851999994},{"amount":0.0872,"safe_price":3620.8271771771765,"ft_order_side":"sell","order_filled_timestamp":1754437200000,"ft_is_entry":false,"ft_order_tag":"roi","cost":316.05186597969964}],"funding_fees":0.0},{"pair":"ETH/USDT","stake_amount":312.886216,"max_stake_amount":312.886216,"amount":0.0743,"open_date":"2025-08-10 21:10:00+00:00","close_date":"2025-08-11 00:15:00+00:00","open_rate":4211.12,"close_rate":4261.704024024024,"fee_open":0.001,"fee_close":0.001,"trade_duration":185,"profit_ratio":0.00999000999000999,"profit_abs":3.12886216,"exit_reason":"roi","initial_stop_loss_abs":3790.01,"initial_stop_loss_ratio":-0.1,"stop_loss_abs":3790.01,"stop_loss_ratio":-0.1,"min_rate":4191.33,"max_rate":4262.09,"is_open":false,"enter_tag":"","leverage":1.0,"is_short":false,"open_timestamp":1754860200000,"close_timestamp":1754871300000,"orders":[{"amount":0.0743,"safe_price":4211.12,"ft_order_side":"buy","order_filled_timestamp":1754860200000,"ft_is_entry":true,"ft_order_tag":"","cost":313.19910221599997},{"amount":0.0743,"safe_price":4261.704024024024,"ft_order_side":"sell","order_filled_timestamp":1754871300000,"ft_is_entry":false,"ft_order_tag":"roi","cost":316.96125359396996}],"funding_fees":0.0},{"pair":"ETH/USDT","stake_amount":314.041878,"max_stake_amount":314.041878,"amount":0.0738,"open_date":"2025-08-11 10:25:00+00:00","close_date":"2025-08-11 14:35:00+00:00","open_rate":4255.31,"close_rate":4306.424834834835,"fee_open":0.001,"fee_close":0.001,"trade_duration":250,"profit_ratio":0.00999000999000999,"profit_abs":3.14041878,"exit_reason":"roi","initial_stop_loss_abs":3829.78,"initial_stop_loss_ratio":-0.1,"stop_loss_abs":3829.78,"stop_loss_ratio":-0.1,"min_rate":4166.77,"max_rate":4320.38,"is_open":false,"enter_tag":"","leverage":1.0,"is_short":false,"open_timestamp":1754907900000,"close_timestamp":1754922900000,"orders":[{"amount":0.0738,"safe_price":4255.31,"ft_order_side":"buy","order_filled_timestamp":1754907900000,"ft_is_entry":true,"ft_order_tag":"","cost":314.355919878},{"amount":0.0738,"safe_price":4306.424834834835,"ft_order_side":"sell","order_filled_timestamp":1754922900000,"ft_is_entry":false,"ft_order_tag":"roi","cost":318.1319669636216}],"funding_fees":0.0},{"pair":"ETH/USDT","stake_amount":315.086239,"max_stake_amount":315.086239,"amount":0.0743,"open_date":"2025-08-11 20:25:00+00:00","close_date":"2025-08-12 02:25:00+00:00","open_rate":4240.73,"close_rate":4291.669699699699,"fee_open":0.001,"fee_close":0.001,"trade_duration":360,"profit_ratio":0.00999000999000999,"profit_abs":3.15086239,"exit_reason":"roi","initial_stop_loss_abs":3816.66,"initial_stop_loss_ratio":-0.1,"stop_loss_abs":3816.66,"stop_loss_ratio":-0.1,"min_rate":4190.0,"max_rate":4296.29,"is_open":false,"enter_tag":"","leverage":1.0,"is_short":false,"open_timestamp":1754943900000,"close_timestamp":1754965500000,"orders":[{"amount":0.0743,"safe_price":4240.73,"ft_order_side":"buy","order_filled_timestamp":1754943900000,"ft_is_entry":true,"ft_order_tag":"","cost":315.40132523899996},{"amount":0.0743,"safe_price":4291.669699699699,"ft_order_side":"sell","order_filled_timestamp":1754965500000,"ft_is_entry":false,"ft_order_tag":"roi","cost":319.1899297463753}],"funding_fees":0.0},{"pair":"BTC/USDT","stake_amount":315.7722594,"max_stake_amount":315.7722594,"amount":0.00261,"open_date":"2025-07-14 14:55:00+00:00","close_date":"2025-08-13 19:20:00+00:00","open_rate":120985.54,"close_rate":122438.81975975973,"fee_open":0.001,"fee_close":0.001,"trade_duration":43465,"profit_ratio":0.009990009977355288,"profit_abs":3.15772259,"exit_reason":"roi","initial_stop_loss_abs":108886.99,"initial_stop_loss_ratio":-0.1,"stop_loss_abs":108886.99,"stop_loss_ratio":-0.1,"min_rate":111920.0,"max_rate":122547.54,"is_open":false,"enter_tag":"","leverage":1.0,"is_short":false,"open_timestamp":1752504900000,"close_timestamp":1755112800000,"orders":[{"amount":0.00261,"safe_price":120985.54,"ft_order_side":"buy","order_filled_timestamp":1752504900000,"ft_is_entry":true,"ft_order_tag":"","cost":316.0880316594},{"amount":0.00261,"safe_price":122438.81975975973,"ft_order_side":"sell","order_filled_timestamp":1755112800000,"ft_is_entry":false,"ft_order_tag":"roi","cost":319.8848848925458}],"funding_fees":0.0},{"pair":"BTC/USDT","stake_amount":316.62748,"max_stake_amount":316.62748,"amount":0.0026,"open_date":"2025-08-14 06:35:00+00:00","close_date":"2025-08-18 18:20:00+00:00","open_rate":121779.8,"close_rate":116307.21,"fee_open":0.001,"fee_close":0.001,"trade_duration":6465,"profit_ratio":-0.04684662020711943,"profit_abs":-14.84776023,"exit_reason":"force_exit","initial_stop_loss_abs":109601.82,"initial_stop_loss_ratio":-0.1,"stop_loss_abs":109601.82,"stop_loss_ratio":-0.1,"min_rate":114640.14,"max_rate":122047.79,"is_open":false,"enter_tag":"","leverage":1.0,"is_short":false,"open_timestamp":1755153300000,"close_timestamp":1755541200000,"orders":[{"amount":0.0026,"safe_price":121779.8,"ft_order_side":"buy","order_filled_timestamp":1755153300000,"ft_is_entry":true,"ft_order_tag":"","cost":316.94410747999996},{"amount":0.0026,"safe_price":116307.21,"ft_order_side":"sell","order_filled_timestamp":1755541200000,"ft_is_entry":false,"ft_order_tag":"force_exit","cost":302.701144746}],"funding_fees":0.0},{"pair":"ETH/USDT","stake_amount":317.375304,"max_stake_amount":317.375304,"amount":0.0696,"open_date":"2025-08-15 14:05:00+00:00","close_date":"2025-08-18 18:20:00+00:00","open_rate":4559.99,"close_rate":4330.64,"fee_open":0.001,"fee_close":0.001,"trade_duration":4575,"profit_ratio":-0.05219367310045291,"profit_abs":-16.58154785,"exit_reason":"force_exit","initial_stop_loss_abs":4104.0,"initial_stop_loss_ratio":-0.1,"stop_loss_abs":4104.0,"stop_loss_ratio":-0.1,"min_rate":4225.86,"max_rate":4578.23,"is_open":false,"enter_tag":"","leverage":1.0,"is_short":false,"open_timestamp":1755266700000,"close_timestamp":1755541200000,"orders":[{"amount":0.0696,"safe_price":4559.99,"ft_order_side":"buy","order_filled_timestamp":1755266700000,"ft_is_entry":true,"ft_order_tag":"","cost":317.6926793039999},{"amount":0.0696,"safe_price":4330.64,"ft_order_side":"sell","order_filled_timestamp":1755541200000,"ft_is_entry":false,"ft_order_tag":"force_exit","cost":301.713956544}],"funding_fees":0.0}],"locks":[],"best_pair":{"key":"BTC/USDT","trades":14,"profit_mean":-0.002050791205883368,"profit_mean_pct":-0.21,"profit_total_abs":-11.469989469999998,"profit_total":-0.011469989469999999,"profit_total_pct":-1.15,"duration_avg":"5 days, 16:19:00","wins":12,"draws":0,"losses":2,"winrate":0.8571428571428571,"cagr":-0.04570841821790339,"expectancy":-0.8192849621428575,"expectancy_ratio":-0.03379501300538246,"sortino":-0.25916084355511015,"sharpe":-0.23868571376616646,"calmar":-7.262188752813945,"sqn":-0.2896,"profit_factor":0.7634349089623239,"max_drawdown_account":0.0335273639938141,"max_drawdown_abs":33.63779366},"worst_pair":{"key":"ETH/USDT","trades":40,"profit_mean":-0.004282726302935568,"profit_mean_pct":-0.43,"profit_total_abs":-58.20098253,"profit_total":-0.05820098253,"profit_total_pct":-5.82,"duration_avg":"1 day, 5:57:00","wins":32,"draws":0,"losses":8,"winrate":0.8,"cagr":-0.215873435080993,"expectancy":-1.4550245632500003,"expectancy_ratio":-0.07254611371540998,"sortino":-0.9060440417834774,"sharpe":-1.1106883312785472,"calmar":-16.598985342225753,"sqn":-0.8169,"profit_factor":0.63726943142295,"max_drawdown_account":0.07443080184606739,"max_drawdown_abs":74.92432217000001},"results_per_pair":[{"key":"BTC/USDT","trades":14,"profit_mean":-0.002050791205883368,"profit_mean_pct":-0.21,"profit_total_abs":-11.469989469999998,"profit_total":-0.011469989469999999,"profit_total_pct":-1.15,"duration_avg":"5 days, 16:19:00","wins":12,"draws":0,"losses":2,"winrate":0.8571428571428571,"cagr":-0.04570841821790339,"expectancy":-0.8192849621428575,"expectancy_ratio":-0.03379501300538246,"sortino":-0.25916084355511015,"sharpe":-0.23868571376616646,"calmar":-7.262188752813945,"sqn":-0.2896,"profit_factor":0.7634349089623239,"max_drawdown_account":0.0335273639938141,"max_drawdown_abs":33.63779366},{"key":"ETH/USDT","trades":40,"profit_mean":-0.004282726302935568,"profit_mean_pct":-0.43,"profit_total_abs":-58.20098253,"profit_total":-0.05820098253,"profit_total_pct":-5.82,"duration_avg":"1 day, 5:57:00","wins":32,"draws":0,"losses":8,"winrate":0.8,"cagr":-0.215873435080993,"expectancy":-1.4550245632500003,"expectancy_ratio":-0.07254611371540998,"sortino":-0.9060440417834774,"sharpe":-1.1106883312785472,"calmar":-16.598985342225753,"sqn":-0.8169,"profit_factor":0.63726943142295,"max_drawdown_account":0.07443080184606739,"max_drawdown_abs":74.92432217000001},{"key":"TOTAL","trades":54,"profit_mean":-0.003704076462959071,"profit_mean_pct":-0.37,"profit_total_abs":-69.670972,"profit_total":-0.06967097200000001,"profit_total_pct":-6.97,"duration_avg":"2 days, 9:32:00","wins":44,"draws":0,"losses":10,"winrate":0.8148148148148148,"cagr":-0.2538882573070389,"expectancy":-1.2902031851851858,"expectancy_ratio":-0.061750548099335,"sortino":-1.1369598323358658,"sharpe":-1.3574150036653454,"calmar":-13.758348935496596,"sqn":-0.8621,"profit_factor":0.6665470402635914,"max_drawdown_account":0.10749529914484443,"max_drawdown_abs":108.56211583000001}],"results_per_enter_tag":[{"key":"","trades":54,"profit_mean":-0.003704076462959071,"profit_mean_pct":-0.37,"profit_total_abs":-69.670972,"profit_total":-0.06967097200000001,"profit_total_pct":-6.97,"duration_avg":"2 days, 9:32:00","wins":44,"draws":0,"losses":10,"winrate":0.8148148148148148,"cagr":-0.2538882573070389,"expectancy":-1.2902031851851858,"expectancy_ratio":-0.061750548099335,"sortino":-1.1369598323358658,"sharpe":-1.3574150036653454,"calmar":-13.758348935496596,"sqn":-0.8621,"profit_factor":0.6665470402635914,"max_drawdown_account":0.10749529914484443,"max_drawdown_abs":108.56211583000001},{"key":"TOTAL","trades":54,"profit_mean":-0.003704076462959071,"profit_mean_pct":-0.37,"profit_total_abs":-69.670972,"profit_total":-0.06967097200000001,"profit_total_pct":-6.97,"duration_avg":"2 days, 9:32:00","wins":44,"draws":0,"losses":10,"winrate":0.8148148148148148,"cagr":-0.2538882573070389,"expectancy":-1.2902031851851858,"expectancy_ratio":-0.061750548099335,"sortino":-1.1369598323358658,"sharpe":-1.3574150036653454,"calmar":-13.758348935496596,"sqn":-0.8621,"profit_factor":0.6665470402635914,"max_drawdown_account":0.10749529914484443,"max_drawdown_abs":108.56211583000001}],"exit_reason_summary":[{"key":"roi","trades":44,"profit_mean":0.010104257249741,"profit_mean_pct":1.01,"profit_total_abs":139.26696051999997,"profit_total":0.13926696051999998,"profit_total_pct":13.93,"duration_avg":"1 day, 15:43:00","wins":44,"draws":0,"losses":0,"winrate":1.0,"cagr":0.6968672675069887,"expectancy":3.165158193636363,"expectancy_ratio":100.0,"sortino":-100,"sharpe":145.1553343246307,"calmar":-100,"sqn":101.9086,"profit_factor":0.0,"max_drawdown_account":0.0,"max_drawdown_abs":0.0},{"key":"exit_signal","trades":3,"profit_mean":-0.012193775601394606,"profit_mean_pct":-1.22,"profit_total_abs":-11.59405797,"profit_total":-0.01159405797,"profit_total_pct":-1.16,"duration_avg":"2 days, 2:53:00","wins":0,"draws":0,"losses":3,"winrate":0.0,"cagr":-0.04619406425001704,"expectancy":-3.86468599,"expectancy_ratio":-1.0,"sortino":-1.3252229609146018,"sharpe":-1.3252229609146018,"calmar":-21.22774797171423,"sqn":-2.9429,"profit_factor":0.0,"max_drawdown_account":0.011594057969999995,"max_drawdown_abs":11.59405797},{"key":"force_exit","trades":2,"profit_mean":-0.04952014665378617,"profit_mean_pct":-4.95,"profit_total_abs":-31.42930808,"profit_total":-0.031429308079999996,"profit_total_pct":-3.14,"duration_avg":"3 days, 20:00:00","wins":0,"draws":0,"losses":2,"winrate":0.0,"cagr":-0.12147360920175809,"expectancy":-15.71465404,"expectancy_ratio":-1.0,"sortino":-7.696137902375856,"sharpe":-7.696137902375856,"calmar":-21.227747971714177,"sqn":-18.1275,"profit_factor":0.0,"max_drawdown_account":0.03142930808000006,"max_drawdown_abs":31.42930808},{"key":"stop_loss","trades":5,"profit_mean":-0.10179716557532752,"profit_mean_pct":-10.18,"profit_total_abs":-165.91456647,"profit_total":-0.16591456647000002,"profit_total_pct":-16.59,"duration_avg":"8 days, 12:31:00","wins":0,"draws":0,"losses":5,"winrate":0.0,"cagr":-0.5208572131284512,"expectancy":-33.182913294,"expectancy_ratio":-1.0,"sortino":-64.28640649120359,"sharpe":-64.28640649120359,"calmar":-21.22774797171423,"sqn":-121.1366,"profit_factor":0.0,"max_drawdown_account":0.16591456646999994,"max_drawdown_abs":165.91456647},{"key":"TOTAL","trades":54,"profit_mean":-0.003704076462959071,"profit_mean_pct":-0.37,"profit_total_abs":-69.670972,"profit_total":-0.06967097200000001,"profit_total_pct":-6.97,"duration_avg":"2 days, 9:32:00","wins":44,"draws":0,"losses":10,"winrate":0.8148148148148148,"cagr":-0.2538882573070389,"expectancy":-1.2902031851851858,"expectancy_ratio":-0.061750548099335,"sortino":-1.1369598323358658,"sharpe":-1.3574150036653454,"calmar":-13.758348935496596,"sqn":-0.8621,"profit_factor":0.6665470402635914,"max_drawdown_account":0.10749529914484443,"max_drawdown_abs":108.56211583000001}],"mix_tag_stats":[{"key":["","roi"],"trades":44,"profit_mean":0.010104257249741,"profit_mean_pct":1.01,"profit_total_abs":139.26696051999997,"profit_total":0.13926696051999998,"profit_total_pct":13.93,"duration_avg":"1 day, 15:43:00","wins":44,"draws":0,"losses":0,"winrate":1.0,"cagr":0.6968672675069887,"expectancy":3.165158193636363,"expectancy_ratio":100.0,"sortino":-100,"sharpe":145.1553343246307,"calmar":-100,"sqn":101.9086,"profit_factor":0.0,"max_drawdown_account":0.0,"max_drawdown_abs":0.0},{"key":["","exit_signal"],"trades":3,"profit_mean":-0.012193775601394606,"profit_mean_pct":-1.22,"profit_total_abs":-11.59405797,"profit_total":-0.01159405797,"profit_total_pct":-1.16,"duration_avg":"2 days, 2:53:00","wins":0,"draws":0,"losses":3,"winrate":0.0,"cagr":-0.04619406425001704,"expectancy":-3.86468599,"expectancy_ratio":-1.0,"sortino":-1.3252229609146018,"sharpe":-1.3252229609146018,"calmar":-21.22774797171423,"sqn":-2.9429,"profit_factor":0.0,"max_drawdown_account":0.011594057969999995,"max_drawdown_abs":11.59405797},{"key":["","force_exit"],"trades":2,"profit_mean":-0.04952014665378617,"profit_mean_pct":-4.95,"profit_total_abs":-31.42930808,"profit_total":-0.031429308079999996,"profit_total_pct":-3.14,"duration_avg":"3 days, 20:00:00","wins":0,"draws":0,"losses":2,"winrate":0.0,"cagr":-0.12147360920175809,"expectancy":-15.71465404,"expectancy_ratio":-1.0,"sortino":-7.696137902375856,"sharpe":-7.696137902375856,"calmar":-21.227747971714177,"sqn":-18.1275,"profit_factor":0.0,"max_drawdown_account":0.03142930808000006,"max_drawdown_abs":31.42930808},{"key":["","stop_loss"],"trades":5,"profit_mean":-0.10179716557532752,"profit_mean_pct":-10.18,"profit_total_abs":-165.91456647,"profit_total":-0.16591456647000002,"profit_total_pct":-16.59,"duration_avg":"8 days, 12:31:00","wins":0,"draws":0,"losses":5,"winrate":0.0,"cagr":-0.5208572131284512,"expectancy":-33.182913294,"expectancy_ratio":-1.0,"sortino":-64.28640649120359,"sharpe":-64.28640649120359,"calmar":-21.22774797171423,"sqn":-121.1366,"profit_factor":0.0,"max_drawdown_account":0.16591456646999994,"max_drawdown_abs":165.91456647},{"key":"TOTAL","trades":54,"profit_mean":-0.003704076462959071,"profit_mean_pct":-0.37,"profit_total_abs":-69.670972,"profit_total":-0.06967097200000001,"profit_total_pct":-6.97,"duration_avg":"2 days, 9:32:00","wins":44,"draws":0,"losses":10,"winrate":0.8148148148148148,"cagr":-0.2538882573070389,"expectancy":-1.2902031851851858,"expectancy_ratio":-0.061750548099335,"sortino":-1.1369598323358658,"sharpe":-1.3574150036653454,"calmar":-13.758348935496596,"sqn":-0.8621,"profit_factor":0.6665470402635914,"max_drawdown_account":0.10749529914484443,"max_drawdown_abs":108.56211583000001}],"left_open_trades":[{"key":"BTC/USDT","trades":1,"profit_mean":-0.04684662020711943,"profit_mean_pct":-4.68,"profit_total_abs":-14.84776023,"profit_total":-0.01484776023,"profit_total_pct":-1.48,"duration_avg":"4 days, 11:45:00","wins":0,"draws":0,"losses":1,"winrate":0.0,"cagr":-0.05886381586414813,"expectancy":-14.84776023,"expectancy_ratio":-1.0,"sortino":-100,"sharpe":-100,"calmar":-100,"sqn":-100.0,"profit_factor":0.0,"max_drawdown_account":0.0,"max_drawdown_abs":0.0},{"key":"ETH/USDT","trades":1,"profit_mean":-0.05219367310045291,"profit_mean_pct":-5.22,"profit_total_abs":-16.58154785,"profit_total":-0.01658154785,"profit_total_pct":-1.66,"duration_avg":"3 days, 4:15:00","wins":0,"draws":0,"losses":1,"winrate":0.0,"cagr":-0.06556308611578288,"expectancy":-16.58154785,"expectancy_ratio":-1.0,"sortino":-100,"sharpe":-100,"calmar":-100,"sqn":-100.0,"profit_factor":0.0,"max_drawdown_account":0.0,"max_drawdown_abs":0.0},{"key":"TOTAL","trades":2,"profit_mean":-0.04952014665378617,"profit_mean_pct":-4.95,"profit_total_abs":-31.42930808,"profit_total":-0.031429308079999996,"profit_total_pct":-3.14,"duration_avg":"3 days, 20:00:00","wins":0,"draws":0,"losses":2,"winrate":0.0,"cagr":-0.12147360920175809,"expectancy":-15.71465404,"expectancy_ratio":-1.0,"sortino":-7.696137902375856,"sharpe":-7.696137902375856,"calmar":-21.227747971714177,"sqn":-18.1275,"profit_factor":0.0,"max_drawdown_account":0.03142930808000006,"max_drawdown_abs":31.42930808}],"total_trades":54,"trade_count_long":54,"trade_count_short":0,"total_volume":33963.323460544554,"avg_stake_amount":314.49199670740745,"profit_mean":-0.003704076462959071,"profit_median":0.00999000999000999,"profit_total":-0.06967097200000001,"profit_total_long":-0.06967097200000001,"profit_total_short":0.0,"profit_total_abs":-69.670972,"profit_total_long_abs":-69.670972,"profit_total_short_abs":0.0,"cagr":-0.2538882573070389,"expectancy":-1.2902031851851858,"expectancy_ratio":-0.061750548099335,"sortino":-1.1369598323358658,"sharpe":-1.3574150036653454,"calmar":-13.758348935496596,"sqn":-0.8621,"profit_factor":0.6665470402635914,"backtest_start":"2025-05-20 16:40:00","backtest_start_ts":1747759200000,"backtest_end":"2025-08-18 18:20:00","backtest_end_ts":1755541200000,"backtest_days":90,"backtest_run_start_ts":1755597572,"backtest_run_end_ts":1755597574,"trades_per_day":0.6,"market_change":0.42749549789275854,"pairlist":["BTC/USDT","ETH/USDT"],"stake_amount":"unlimited","stake_currency":"USDT","stake_currency_decimals":3,"starting_balance":1000,"dry_run_wallet":1000,"final_balance":930.329028,"rejected_signals":0,"timedout_entry_orders":0,"timedout_exit_orders":0,"canceled_trade_entries":0,"canceled_entry_orders":0,"replaced_entry_orders":0,"max_open_trades":2,"max_open_trades_setting":3,"timeframe":"5m","timeframe_detail":"","timerange":"","enable_protections":false,"strategy_name":"SampleStrategy","stoploss":-0.1,"trailing_stop":false,"trailing_stop_positive":null,"trailing_stop_positive_offset":0.0,"trailing_only_offset_is_reached":false,"use_custom_stoploss":false,"minimal_roi":{"60":0.01,"30":0.02,"0":0.04},"use_exit_signal":true,"exit_profit_only":false,"exit_profit_offset":0.0,"ignore_roi_if_entry_signal":false,"trading_mode":"spot","margin_mode":"","periodic_breakdown":{"day":[{"date":"21/05/2025","date_ts":1747785600000,"profit_abs":3.29371752,"wins":1,"draws":0,"losses":0,"trades":1,"profit_factor":0.0},{"date":"22/05/2025","date_ts":1747872000000,"profit_abs":0.0,"wins":0,"draws":0,"losses":0,"trades":0,"profit_factor":0.0},{"date":"23/05/2025","date_ts":1747958400000,"profit_abs":0.0,"wins":0,"draws":0,"losses":0,"trades":0,"profit_factor":0.0},{"date":"24/05/2025","date_ts":1748044800000,"profit_abs":0.0,"wins":0,"draws":0,"losses":0,"trades":0,"profit_factor":0.0},{"date":"25/05/2025","date_ts":1748131200000,"profit_abs":0.0,"wins":0,"draws":0,"losses":0,"trades":0,"profit_factor":0.0},{"date":"26/05/2025","date_ts":1748217600000,"profit_abs":0.0,"wins":0,"draws":0,"losses":0,"trades":0,"profit_factor":0.0},{"date":"27/05/2025","date_ts":1748304000000,"profit_abs":3.3102544,"wins":1,"draws":0,"losses":0,"trades":1,"profit_factor":0.0},{"date":"28/05/2025","date_ts":1748390400000,"profit_abs":3.3203382,"wins":1,"draws":0,"losses":0,"trades":1,"profit_factor":0.0},{"date":"29/05/2025","date_ts":1748476800000,"profit_abs":0.0,"wins":0,"draws":0,"losses":0,"trades":0,"profit_factor":0.0},{"date":"30/05/2025","date_ts":1748563200000,"profit_abs":0.0,"wins":0,"draws":0,"losses":0,"trades":0,"profit_factor":0.0},{"date":"31/05/2025","date_ts":1748649600000,"profit_abs":0.0,"wins":0,"draws":0,"losses":0,"trades":0,"profit_factor":0.0},{"date":"01/06/2025","date_ts":1748736000000,"profit_abs":0.0,"wins":0,"draws":0,"losses":0,"trades":0,"profit_factor":0.0},{"date":"02/06/2025","date_ts":1748822400000,"profit_abs":0.0,"wins":0,"draws":0,"losses":0,"trades":0,"profit_factor":0.0},{"date":"03/06/2025","date_ts":1748908800000,"profit_abs":0.0,"wins":0,"draws":0,"losses":0,"trades":0,"profit_factor":0.0},{"date":"04/06/2025","date_ts":1748995200000,"profit_abs":0.0,"wins":0,"draws":0,"losses":0,"trades":0,"profit_factor":0.0},{"date":"05/06/2025","date_ts":1749081600000,"profit_abs":-33.95667911,"wins":0,"draws":0,"losses":1,"trades":1,"profit_factor":0.0},{"date":"06/06/2025","date_ts":1749168000000,"profit_abs":3.21940949,"wins":1,"draws":0,"losses":0,"trades":1,"profit_factor":0.0},{"date":"07/06/2025","date_ts":1749254400000,"profit_abs":0.0,"wins":0,"draws":0,"losses":0,"trades":0,"profit_factor":0.0},{"date":"08/06/2025","date_ts":1749340800000,"profit_abs":3.2296946,"wins":1,"draws":0,"losses":0,"trades":1,"profit_factor":0.0},{"date":"09/06/2025","date_ts":1749427200000,"profit_abs":3.24083985,"wins":1,"draws":0,"losses":0,"trades":1,"profit_factor":0.0},{"date":"10/06/2025","date_ts":1749513600000,"profit_abs":0.0,"wins":0,"draws":0,"losses":0,"trades":0,"profit_factor":0.0},{"date":"11/06/2025","date_ts":1749600000000,"profit_abs":0.0,"wins":0,"draws":0,"losses":0,"trades":0,"profit_factor":0.0},{"date":"12/06/2025","date_ts":1749686400000,"profit_abs":0.0,"wins":0,"draws":0,"losses":0,"trades":0,"profit_factor":0.0},{"date":"13/06/2025","date_ts":1749772800000,"profit_abs":-26.34586686,"wins":2,"draws":0,"losses":1,"trades":3,"profit_factor":0.20457175},{"date":"14/06/2025","date_ts":1749859200000,"profit_abs":0.0,"wins":0,"draws":0,"losses":0,"trades":0,"profit_factor":0.0},{"date":"15/06/2025","date_ts":1749945600000,"profit_abs":0.0,"wins":0,"draws":0,"losses":0,"trades":0,"profit_factor":0.0},{"date":"16/06/2025","date_ts":1750032000000,"profit_abs":6.33871432,"wins":2,"draws":0,"losses":0,"trades":2,"profit_factor":0.0},{"date":"17/06/2025","date_ts":1750118400000,"profit_abs":3.1844736,"wins":1,"draws":0,"losses":0,"trades":1,"profit_factor":0.0},{"date":"18/06/2025","date_ts":1750204800000,"profit_abs":0.0,"wins":0,"draws":0,"losses":0,"trades":0,"profit_factor":0.0},{"date":"19/06/2025","date_ts":1750291200000,"profit_abs":0.0,"wins":0,"draws":0,"losses":0,"trades":0,"profit_factor":0.0},{"date":"20/06/2025","date_ts":1750377600000,"profit_abs":-1.306431,"wins":0,"draws":0,"losses":1,"trades":1,"profit_factor":0.0},{"date":"21/06/2025","date_ts":1750464000000,"profit_abs":-32.52847706,"wins":0,"draws":0,"losses":1,"trades":1,"profit_factor":0.0},{"date":"22/06/2025","date_ts":1750550400000,"profit_abs":-30.67214534,"wins":1,"draws":0,"losses":1,"trades":2,"profit_factor":0.08816417},{"date":"23/06/2025","date_ts":1750636800000,"profit_abs":6.06693422,"wins":2,"draws":0,"losses":0,"trades":2,"profit_factor":0.0},{"date":"24/06/2025","date_ts":1750723200000,"profit_abs":6.00161248,"wins":2,"draws":0,"losses":0,"trades":2,"profit_factor":0.0},{"date":"25/06/2025","date_ts":1750809600000,"profit_abs":0.0,"wins":0,"draws":0,"losses":0,"trades":0,"profit_factor":0.0},{"date":"26/06/2025","date_ts":1750896000000,"profit_abs":3.0229822,"wins":1,"draws":0,"losses":0,"trades":1,"profit_factor":0.0},{"date":"27/06/2025","date_ts":1750982400000,"profit_abs":0.0,"wins":0,"draws":0,"losses":0,"trades":0,"profit_factor":0.0},{"date":"28/06/2025","date_ts":1751068800000,"profit_abs":0.0,"wins":0,"draws":0,"losses":0,"trades":0,"profit_factor":0.0},{"date":"29/06/2025","date_ts":1751155200000,"profit_abs":6.05914451,"wins":2,"draws":0,"losses":0,"trades":2,"profit_factor":0.0},{"date":"30/06/2025","date_ts":1751241600000,"profit_abs":3.05336421,"wins":1,"draws":0,"losses":0,"trades":1,"profit_factor":0.0},{"date":"01/07/2025","date_ts":1751328000000,"profit_abs":0.0,"wins":0,"draws":0,"losses":0,"trades":0,"profit_factor":0.0},{"date":"02/07/2025","date_ts":1751414400000,"profit_abs":6.10671441,"wins":2,"draws":0,"losses":0,"trades":2,"profit_factor":0.0},{"date":"03/07/2025","date_ts":1751500800000,"profit_abs":9.26903646,"wins":3,"draws":0,"losses":0,"trades":3,"profit_factor":0.0},{"date":"04/07/2025","date_ts":1751587200000,"profit_abs":-5.65868247,"wins":0,"draws":0,"losses":1,"trades":1,"profit_factor":0.0},{"date":"05/07/2025","date_ts":1751673600000,"profit_abs":0.0,"wins":0,"draws":0,"losses":0,"trades":0,"profit_factor":0.0},{"date":"06/07/2025","date_ts":1751760000000,"profit_abs":3.09540854,"wins":1,"draws":0,"losses":0,"trades":1,"profit_factor":0.0},{"date":"07/07/2025","date_ts":1751846400000,"profit_abs":0.0,"wins":0,"draws":0,"losses":0,"trades":0,"profit_factor":0.0},{"date":"08/07/2025","date_ts":1751932800000,"profit_abs":3.10547564,"wins":1,"draws":0,"losses":0,"trades":1,"profit_factor":0.0},{"date":"09/07/2025","date_ts":1752019200000,"profit_abs":3.113454,"wins":1,"draws":0,"losses":0,"trades":1,"profit_factor":0.0},{"date":"10/07/2025","date_ts":1752105600000,"profit_abs":3.12010233,"wins":1,"draws":0,"losses":0,"trades":1,"profit_factor":0.0},{"date":"11/07/2025","date_ts":1752192000000,"profit_abs":0.0,"wins":0,"draws":0,"losses":0,"trades":0,"profit_factor":0.0},{"date":"12/07/2025","date_ts":1752278400000,"profit_abs":0.0,"wins":0,"draws":0,"losses":0,"trades":0,"profit_factor":0.0},{"date":"13/07/2025","date_ts":1752364800000,"profit_abs":6.26421064,"wins":2,"draws":0,"losses":0,"trades":2,"profit_factor":0.0},{"date":"14/07/2025","date_ts":1752451200000,"profit_abs":3.15789674,"wins":1,"draws":0,"losses":0,"trades":1,"profit_factor":0.0},{"date":"15/07/2025","date_ts":1752537600000,"profit_abs":3.16797488,"wins":1,"draws":0,"losses":0,"trades":1,"profit_factor":0.0},{"date":"16/07/2025","date_ts":1752624000000,"profit_abs":0.0,"wins":0,"draws":0,"losses":0,"trades":0,"profit_factor":0.0},{"date":"17/07/2025","date_ts":1752710400000,"profit_abs":3.17566144,"wins":1,"draws":0,"losses":0,"trades":1,"profit_factor":0.0},{"date":"18/07/2025","date_ts":1752796800000,"profit_abs":4.28459304,"wins":1,"draws":0,"losses":0,"trades":1,"profit_factor":0.0},{"date":"19/07/2025","date_ts":1752883200000,"profit_abs":0.0,"wins":0,"draws":0,"losses":0,"trades":0,"profit_factor":0.0},{"date":"20/07/2025","date_ts":1752969600000,"profit_abs":3.203154,"wins":1,"draws":0,"losses":0,"trades":1,"profit_factor":0.0},{"date":"21/07/2025","date_ts":1753056000000,"profit_abs":0.0,"wins":0,"draws":0,"losses":0,"trades":0,"profit_factor":0.0},{"date":"22/07/2025","date_ts":1753142400000,"profit_abs":0.0,"wins":0,"draws":0,"losses":0,"trades":0,"profit_factor":0.0},{"date":"23/07/2025","date_ts":1753228800000,"profit_abs":0.0,"wins":0,"draws":0,"losses":0,"trades":0,"profit_factor":0.0},{"date":"24/07/2025","date_ts":1753315200000,"profit_abs":0.0,"wins":0,"draws":0,"losses":0,"trades":0,"profit_factor":0.0},{"date":"25/07/2025","date_ts":1753401600000,"profit_abs":0.0,"wins":0,"draws":0,"losses":0,"trades":0,"profit_factor":0.0},{"date":"26/07/2025","date_ts":1753488000000,"profit_abs":0.0,"wins":0,"draws":0,"losses":0,"trades":0,"profit_factor":0.0},{"date":"27/07/2025","date_ts":1753574400000,"profit_abs":3.2122697,"wins":1,"draws":0,"losses":0,"trades":1,"profit_factor":0.0},{"date":"28/07/2025","date_ts":1753660800000,"profit_abs":0.0,"wins":0,"draws":0,"losses":0,"trades":0,"profit_factor":0.0},{"date":"29/07/2025","date_ts":1753747200000,"profit_abs":0.0,"wins":0,"draws":0,"losses":0,"trades":0,"profit_factor":0.0},{"date":"30/07/2025","date_ts":1753833600000,"profit_abs":0.0,"wins":0,"draws":0,"losses":0,"trades":0,"profit_factor":0.0},{"date":"31/07/2025","date_ts":1753920000000,"profit_abs":-4.6289445,"wins":0,"draws":0,"losses":1,"trades":1,"profit_factor":0.0},{"date":"01/08/2025","date_ts":1754006400000,"profit_abs":0.0,"wins":0,"draws":0,"losses":0,"trades":0,"profit_factor":0.0},{"date":"02/08/2025","date_ts":1754092800000,"profit_abs":-32.67000332,"wins":0,"draws":0,"losses":1,"trades":1,"profit_factor":0.0},{"date":"03/08/2025","date_ts":1754179200000,"profit_abs":3.09939444,"wins":1,"draws":0,"losses":0,"trades":1,"profit_factor":0.0},{"date":"04/08/2025","date_ts":1754265600000,"profit_abs":0.0,"wins":0,"draws":0,"losses":0,"trades":0,"profit_factor":0.0},{"date":"05/08/2025","date_ts":1754352000000,"profit_abs":6.23087396,"wins":2,"draws":0,"losses":0,"trades":2,"profit_factor":0.0},{"date":"06/08/2025","date_ts":1754438400000,"profit_abs":0.0,"wins":0,"draws":0,"losses":0,"trades":0,"profit_factor":0.0},{"date":"07/08/2025","date_ts":1754524800000,"profit_abs":0.0,"wins":0,"draws":0,"losses":0,"trades":0,"profit_factor":0.0},{"date":"08/08/2025","date_ts":1754611200000,"profit_abs":0.0,"wins":0,"draws":0,"losses":0,"trades":0,"profit_factor":0.0},{"date":"09/08/2025","date_ts":1754697600000,"profit_abs":0.0,"wins":0,"draws":0,"losses":0,"trades":0,"profit_factor":0.0},{"date":"10/08/2025","date_ts":1754784000000,"profit_abs":0.0,"wins":0,"draws":0,"losses":0,"trades":0,"profit_factor":0.0},{"date":"11/08/2025","date_ts":1754870400000,"profit_abs":6.26928094,"wins":2,"draws":0,"losses":0,"trades":2,"profit_factor":0.0},{"date":"12/08/2025","date_ts":1754956800000,"profit_abs":3.15086239,"wins":1,"draws":0,"losses":0,"trades":1,"profit_factor":0.0},{"date":"13/08/2025","date_ts":1755043200000,"profit_abs":3.15772259,"wins":1,"draws":0,"losses":0,"trades":1,"profit_factor":0.0},{"date":"14/08/2025","date_ts":1755129600000,"profit_abs":0.0,"wins":0,"draws":0,"losses":0,"trades":0,"profit_factor":0.0},{"date":"15/08/2025","date_ts":1755216000000,"profit_abs":0.0,"wins":0,"draws":0,"losses":0,"trades":0,"profit_factor":0.0},{"date":"16/08/2025","date_ts":1755302400000,"profit_abs":0.0,"wins":0,"draws":0,"losses":0,"trades":0,"profit_factor":0.0},{"date":"17/08/2025","date_ts":1755388800000,"profit_abs":0.0,"wins":0,"draws":0,"losses":0,"trades":0,"profit_factor":0.0},{"date":"18/08/2025","date_ts":1755475200000,"profit_abs":-31.42930808,"wins":0,"draws":0,"losses":2,"trades":2,"profit_factor":0.0}],"week":[{"date":"26/05/2025","date_ts":1748217600000,"profit_abs":3.29371752,"wins":1,"draws":0,"losses":0,"trades":1,"profit_factor":0.0},{"date":"02/06/2025","date_ts":1748822400000,"profit_abs":6.6305926,"wins":2,"draws":0,"losses":0,"trades":2,"profit_factor":0.0},{"date":"09/06/2025","date_ts":1749427200000,"profit_abs":-24.26673517,"wins":3,"draws":0,"losses":1,"trades":4,"profit_factor":0.28536194},{"date":"16/06/2025","date_ts":1750032000000,"profit_abs":-20.00715254,"wins":4,"draws":0,"losses":1,"trades":5,"profit_factor":0.39594873},{"date":"23/06/2025","date_ts":1750636800000,"profit_abs":-55.25564558,"wins":4,"draws":0,"losses":3,"trades":7,"profit_factor":0.18106665},{"date":"30/06/2025","date_ts":1751241600000,"profit_abs":18.1371034,"wins":6,"draws":0,"losses":0,"trades":6,"profit_factor":0.0},{"date":"07/07/2025","date_ts":1751846400000,"profit_abs":12.81247694,"wins":6,"draws":0,"losses":1,"trades":7,"profit_factor":3.26421557},{"date":"14/07/2025","date_ts":1752451200000,"profit_abs":18.76113935,"wins":6,"draws":0,"losses":0,"trades":6,"profit_factor":0.0},{"date":"21/07/2025","date_ts":1753056000000,"profit_abs":13.83138336,"wins":4,"draws":0,"losses":0,"trades":4,"profit_factor":0.0},{"date":"28/07/2025","date_ts":1753660800000,"profit_abs":3.2122697,"wins":1,"draws":0,"losses":0,"trades":1,"profit_factor":0.0},{"date":"04/08/2025","date_ts":1754265600000,"profit_abs":-34.19955338,"wins":1,"draws":0,"losses":2,"trades":3,"profit_factor":0.08309603},{"date":"11/08/2025","date_ts":1754870400000,"profit_abs":12.5001549,"wins":4,"draws":0,"losses":0,"trades":4,"profit_factor":0.0},{"date":"18/08/2025","date_ts":1755475200000,"profit_abs":-25.1207231,"wins":2,"draws":0,"losses":2,"trades":4,"profit_factor":0.200723}],"month":[{"date":"31/05/2025","date_ts":1748649600000,"profit_abs":9.92431012,"wins":3,"draws":0,"losses":0,"trades":3,"profit_factor":0.0},{"date":"30/06/2025","date_ts":1751241600000,"profit_abs":-81.39242989,"wins":17,"draws":0,"losses":5,"trades":22,"profit_factor":0.39508117},{"date":"31/07/2025","date_ts":1753920000000,"profit_abs":43.98832485,"wins":17,"draws":0,"losses":2,"trades":19,"profit_factor":5.27584758},{"date":"31/08/2025","date_ts":1756598400000,"profit_abs":-42.19117708,"wins":7,"draws":0,"losses":3,"trades":10,"profit_factor":0.34178424}],"year":[{"date":"31/12/2025","date_ts":1767139200000,"profit_abs":-69.670972,"wins":44,"draws":0,"losses":10,"trades":54,"profit_factor":0.66654704}]},"backtest_best_day":0.0300236552093398,"backtest_worst_day":-0.10179820180419759,"backtest_best_day_abs":9.26903646,"backtest_worst_day_abs":-33.95667911,"winning_days":31,"draw_days":50,"losing_days":9,"daily_profit":[["2025-05-21",3.29371752],["2025-05-22",0.0],["2025-05-23",0.0],["2025-05-24",0.0],["2025-05-25",0.0],["2025-05-26",0.0],["2025-05-27",3.3102544],["2025-05-28",3.3203382],["2025-05-29",0.0],["2025-05-30",0.0],["2025-05-31",0.0],["2025-06-01",0.0],["2025-06-02",0.0],["2025-06-03",0.0],["2025-06-04",0.0],["2025-06-05",-33.95667911],["2025-06-06",3.21940949],["2025-06-07",0.0],["2025-06-08",3.2296946],["2025-06-09",3.24083985],["2025-06-10",0.0],["2025-06-11",0.0],["2025-06-12",0.0],["2025-06-13",-26.34586686],["2025-06-14",0.0],["2025-06-15",0.0],["2025-06-16",6.33871432],["2025-06-17",3.1844736],["2025-06-18",0.0],["2025-06-19",0.0],["2025-06-20",-1.306431],["2025-06-21",-32.52847706],["2025-06-22",-30.67214534],["2025-06-23",6.06693422],["2025-06-24",6.00161248],["2025-06-25",0.0],["2025-06-26",3.0229822],["2025-06-27",0.0],["2025-06-28",0.0],["2025-06-29",6.05914451],["2025-06-30",3.05336421],["2025-07-01",0.0],["2025-07-02",6.10671441],["2025-07-03",9.26903646],["2025-07-04",-5.65868247],["2025-07-05",0.0],["2025-07-06",3.09540854],["2025-07-07",0.0],["2025-07-08",3.10547564],["2025-07-09",3.113454],["2025-07-10",3.12010233],["2025-07-11",0.0],["2025-07-12",0.0],["2025-07-13",6.26421064],["2025-07-14",3.15789674],["2025-07-15",3.16797488],["2025-07-16",0.0],["2025-07-17",3.17566144],["2025-07-18",4.28459304],["2025-07-19",0.0],["2025-07-20",3.203154],["2025-07-21",0.0],["2025-07-22",0.0],["2025-07-23",0.0],["2025-07-24",0.0],["2025-07-25",0.0],["2025-07-26",0.0],["2025-07-27",3.2122697],["2025-07-28",0.0],["2025-07-29",0.0],["2025-07-30",0.0],["2025-07-31",-4.6289445],["2025-08-01",0.0],["2025-08-02",-32.67000332],["2025-08-03",3.09939444],["2025-08-04",0.0],["2025-08-05",6.23087396],["2025-08-06",0.0],["2025-08-07",0.0],["2025-08-08",0.0],["2025-08-09",0.0],["2025-08-10",0.0],["2025-08-11",6.26928094],["2025-08-12",3.15086239],["2025-08-13",3.15772259],["2025-08-14",0.0],["2025-08-15",0.0],["2025-08-16",0.0],["2025-08-17",0.0],["2025-08-18",-31.42930808]],"wins":44,"losses":10,"draws":0,"winrate":0.8148148148148148,"holding_avg":"2 days, 9:32:00","holding_avg_s":207120.0,"winner_holding_min":"0d 01:00","winner_holding_min_s":3600.0,"winner_holding_max":"30d 04:25","winner_holding_max_s":2607900.0,"winner_holding_avg":"1d 15:43","winner_holding_avg_s":142980.0,"loser_holding_min":"0d 16:35","loser_holding_min_s":59700.0,"loser_holding_max":"30d 09:30","loser_holding_max_s":2626200.0,"loser_holding_avg":"5d 15:56","loser_holding_avg_s":489360.0,"max_consecutive_wins":14,"max_consecutive_losses":3,"max_drawdown_account":0.10749529914484443,"max_relative_drawdown":0.10749529914484443,"max_drawdown_abs":108.56211583000001,"drawdown_start":"2025-05-28 11:35:00","drawdown_start_ts":1748432100000.0,"drawdown_end":"2025-06-22 14:20:00","drawdown_end_ts":1750602000000.0,"max_drawdown_low":-98.63780571000001,"max_drawdown_high":9.92431012,"csum_min":901.3621942899999,"csum_max":1009.92431012}},"strategy_comparison":[{"key":"SampleStrategy","trades":54,"profit_mean":-0.003704076462959071,"profit_mean_pct":-0.37,"profit_total_abs":-69.670972,"profit_total":-0.06967097200000001,"profit_total_pct":-6.97,"duration_avg":"2 days, 9:32:00","wins":44,"draws":0,"losses":10,"winrate":0.8148148148148148,"cagr":-0.2538882573070389,"expectancy":-1.2902031851851858,"expectancy_ratio":-0.061750548099335,"sortino":-1.1369598323358658,"sharpe":-1.3574150036653454,"calmar":-13.758348935496596,"sqn":-0.8621,"profit_factor":0.6665470402635914,"max_drawdown_account":0.10749529914484443,"max_drawdown_abs":"108.562"}]}