{"$schema":"https://schema.freqtrade.io/schema.json","bot_name":"freqtrade","initial_state":"running","dry_run":true,"dry_run_wallet":1000,"trading_mode":"spot","max_open_trades":3,"stake_currency":"USDT","stake_amount":"unlimited","tradable_balance_ratio":0.99,"fiat_display_currency":"USD","cancel_open_orders_on_exit":false,"unfilledtimeout":{"entry":10,"exit":10,"exit_timeout_count":0,"unit":"minutes"},"entry_pricing":{"price_side":"same","use_order_book":true,"order_book_top":1,"price_last_balance":0.0,"check_depth_of_market":{"enabled":false,"bids_to_ask_delta":1}},"exit_pricing":{"price_side":"same","use_order_book":true,"order_book_top":1},"exchange":{"name":"binance","key":"REDACTED","secret":"REDACTED","ccxt_config":{},"ccxt_async_config":{},"pair_whitelist":["BTC/USDT","ETH/USDT"],"pair_blacklist":["BNB/.*"]},"pairlists":[{"method":"StaticPairList"}],"telegram":{"enabled":false,"token":"REDACTED","chat_id":"REDACTED"},"api_server":{"enabled":false,"listen_ip_address":"127.0.0.1","listen_port":8080,"verbosity":"error","enable_openapi":false,"jwt_secret_key":"a509be610749cd6b78a251d51a4935dcd073da7e7e23147323b49a8c2c63b774","ws_token":"g0WGu_C5BTvqq_qxgpes6Gkt8Htg5ASsRw","CORS_origins":[],"username":"","password":"REDACTED"},"force_entry_enable":false,"internals":{"process_throttle_secs":5},"config_files":["user_data/config.json"]}