{"strategy":{"SkoRZ1RStrategyBlockFix":{"trades":[{"pair":"BTC/USDT:USDT","stake_amount":234.9108,"max_stake_amount":234.9108,"amount":0.002,"open_date":"2025-08-16 09:55:00+00:00","close_date":"2025-08-18 00:00:00+00:00","open_rate":117455.4,"close_rate":117353.9,"fee_open":0.0005,"fee_close":0.0005,"trade_duration":2285,"profit_ratio":0.0001311628319468132,"profit_abs":0.03079616,"exit_reason":"force_exit","initial_stop_loss_abs":233736.2,"initial_stop_loss_ratio":-0.99,"stop_loss_abs":233736.2,"stop_loss_ratio":-0.99,"min_rate":117089.7,"max_rate":118558.0,"is_open":false,"enter_tag":"SKO_SHORT","leverage":1.0,"is_short":true,"open_timestamp":1755338100000,"close_timestamp":1755475200000,"orders":[{"amount":0.002,"safe_price":117455.4,"ft_order_side":"sell","order_filled_timestamp":1755338100000,"ft_is_entry":true,"ft_order_tag":"SKO_SHORT","cost":235.02825539999998},{"amount":0.002,"safe_price":117353.9,"ft_order_side":"buy","order_filled_timestamp":1755475200000,"ft_is_entry":false,"ft_order_tag":"force_exit","cost":234.82515389999998}],"funding_fees":0.06260545945809669}],"locks":[],"best_pair":{"key":"BTC/USDT:USDT","trades":1,"profit_mean":0.0001311628319468132,"profit_mean_pct":0.01,"profit_total_abs":0.03079616,"profit_total":3.079616e-05,"profit_total_pct":0.0,"duration_avg":"1 day, 14:05:00","wins":1,"draws":0,"losses":0,"winrate":1.0,"cagr":0.005636035684186247,"expectancy":0.03079616,"expectancy_ratio":100.0,"sortino":-100,"sharpe":-100,"calmar":-100,"sqn":-100.0,"profit_factor":0.0,"max_drawdown_account":0.0,"max_drawdown_abs":0.0},"worst_pair":{"key":"BTC/USDT:USDT","trades":1,"profit_mean":0.0001311628319468132,"profit_mean_pct":0.01,"profit_total_abs":0.03079616,"profit_total":3.079616e-05,"profit_total_pct":0.0,"duration_avg":"1 day, 14:05:00","wins":1,"draws":0,"losses":0,"winrate":1.0,"cagr":0.005636035684186247,"expectancy":0.03079616,"expectancy_ratio":100.0,"sortino":-100,"sharpe":-100,"calmar":-100,"sqn":-100.0,"profit_factor":0.0,"max_drawdown_account":0.0,"max_drawdown_abs":0.0},"results_per_pair":[{"key":"BTC/USDT:USDT","trades":1,"profit_mean":0.0001311628319468132,"profit_mean_pct":0.01,"profit_total_abs":0.03079616,"profit_total":3.079616e-05,"profit_total_pct":0.0,"duration_avg":"1 day, 14:05:00","wins":1,"draws":0,"losses":0,"winrate":1.0,"cagr":0.005636035684186247,"expectancy":0.03079616,"expectancy_ratio":100.0,"sortino":-100,"sharpe":-100,"calmar":-100,"sqn":-100.0,"profit_factor":0.0,"max_drawdown_account":0.0,"max_drawdown_abs":0.0},{"key":"TOTAL","trades":1,"profit_mean":0.0001311628319468132,"profit_mean_pct":0.01,"profit_total_abs":0.03079616,"profit_total":3.079616e-05,"profit_total_pct":0.0,"duration_avg":"1 day, 14:05:00","wins":1,"draws":0,"losses":0,"winrate":1.0,"cagr":0.005636035684186247,"expectancy":0.03079616,"expectancy_ratio":100.0,"sortino":-100,"sharpe":-100,"calmar":-100,"sqn":-100.0,"profit_factor":0.0,"max_drawdown_account":0.0,"max_drawdown_abs":0.0}],"results_per_enter_tag":[{"key":"SKO_SHORT","trades":1,"profit_mean":0.0001311628319468132,"profit_mean_pct":0.01,"profit_total_abs":0.03079616,"profit_total":3.079616e-05,"profit_total_pct":0.0,"duration_avg":"1 day, 14:05:00","wins":1,"draws":0,"losses":0,"winrate":1.0,"cagr":0.005636035684186247,"expectancy":0.03079616,"expectancy_ratio":100.0,"sortino":-100,"sharpe":-100,"calmar":-100,"sqn":-100.0,"profit_factor":0.0,"max_drawdown_account":0.0,"max_drawdown_abs":0.0},{"key":"TOTAL","trades":1,"profit_mean":0.0001311628319468132,"profit_mean_pct":0.01,"profit_total_abs":0.03079616,"profit_total":3.079616e-05,"profit_total_pct":0.0,"duration_avg":"1 day, 14:05:00","wins":1,"draws":0,"losses":0,"winrate":1.0,"cagr":0.005636035684186247,"expectancy":0.03079616,"expectancy_ratio":100.0,"sortino":-100,"sharpe":-100,"calmar":-100,"sqn":-100.0,"profit_factor":0.0,"max_drawdown_account":0.0,"max_drawdown_abs":0.0}],"exit_reason_summary":[{"key":"force_exit","trades":1,"profit_mean":0.0001311628319468132,"profit_mean_pct":0.01,"profit_total_abs":0.03079616,"profit_total":3.079616e-05,"profit_total_pct":0.0,"duration_avg":"1 day, 14:05:00","wins":1,"draws":0,"losses":0,"winrate":1.0,"cagr":0.005636035684186247,"expectancy":0.03079616,"expectancy_ratio":100.0,"sortino":-100,"sharpe":-100,"calmar":-100,"sqn":-100.0,"profit_factor":0.0,"max_drawdown_account":0.0,"max_drawdown_abs":0.0},{"key":"TOTAL","trades":1,"profit_mean":0.0001311628319468132,"profit_mean_pct":0.01,"profit_total_abs":0.03079616,"profit_total":3.079616e-05,"profit_total_pct":0.0,"duration_avg":"1 day, 14:05:00","wins":1,"draws":0,"losses":0,"winrate":1.0,"cagr":0.005636035684186247,"expectancy":0.03079616,"expectancy_ratio":100.0,"sortino":-100,"sharpe":-100,"calmar":-100,"sqn":-100.0,"profit_factor":0.0,"max_drawdown_account":0.0,"max_drawdown_abs":0.0}],"mix_tag_stats":[{"key":["SKO_SHORT","force_exit"],"trades":1,"profit_mean":0.0001311628319468132,"profit_mean_pct":0.01,"profit_total_abs":0.03079616,"profit_total":3.079616e-05,"profit_total_pct":0.0,"duration_avg":"1 day, 14:05:00","wins":1,"draws":0,"losses":0,"winrate":1.0,"cagr":0.005636035684186247,"expectancy":0.03079616,"expectancy_ratio":100.0,"sortino":-100,"sharpe":-100,"calmar":-100,"sqn":-100.0,"profit_factor":0.0,"max_drawdown_account":0.0,"max_drawdown_abs":0.0},{"key":"TOTAL","trades":1,"profit_mean":0.0001311628319468132,"profit_mean_pct":0.01,"profit_total_abs":0.03079616,"profit_total":3.079616e-05,"profit_total_pct":0.0,"duration_avg":"1 day, 14:05:00","wins":1,"draws":0,"losses":0,"winrate":1.0,"cagr":0.005636035684186247,"expectancy":0.03079616,"expectancy_ratio":100.0,"sortino":-100,"sharpe":-100,"calmar":-100,"sqn":-100.0,"profit_factor":0.0,"max_drawdown_account":0.0,"max_drawdown_abs":0.0}],"left_open_trades":[{"key":"BTC/USDT:USDT","trades":1,"profit_mean":0.0001311628319468132,"profit_mean_pct":0.01,"profit_total_abs":0.03079616,"profit_total":3.079616e-05,"profit_total_pct":0.0,"duration_avg":"1 day, 14:05:00","wins":1,"draws":0,"losses":0,"winrate":1.0,"cagr":0.005636035684186247,"expectancy":0.03079616,"expectancy_ratio":100.0,"sortino":-100,"sharpe":-100,"calmar":-100,"sqn":-100.0,"profit_factor":0.0,"max_drawdown_account":0.0,"max_drawdown_abs":0.0},{"key":"TOTAL","trades":1,"profit_mean":0.0001311628319468132,"profit_mean_pct":0.01,"profit_total_abs":0.03079616,"profit_total":3.079616e-05,"profit_total_pct":0.0,"duration_avg":"1 day, 14:05:00","wins":1,"draws":0,"losses":0,"winrate":1.0,"cagr":0.005636035684186247,"expectancy":0.03079616,"expectancy_ratio":100.0,"sortino":-100,"sharpe":-100,"calmar":-100,"sqn":-100.0,"profit_factor":0.0,"max_drawdown_account":0.0,"max_drawdown_abs":0.0}],"total_trades":1,"trade_count_long":0,"trade_count_short":1,"total_volume":469.85340929999995,"avg_stake_amount":234.9108,"profit_mean":0.0001311628319468132,"profit_median":0.0001311628319468132,"profit_total":3.079616e-05,"profit_total_long":0.0,"profit_total_short":3.079616e-05,"profit_total_abs":0.03079616,"profit_total_long_abs":0.0,"profit_total_short_abs":0.03079616,"cagr":0.005636035684186247,"expectancy":0.03079616,"expectancy_ratio":100.0,"sortino":-100,"sharpe":-100,"calmar":-100,"sqn":-100.0,"profit_factor":0.0,"backtest_start":"2025-08-16 00:00:00","backtest_start_ts":1755302400000,"backtest_end":"2025-08-18 00:00:00","backtest_end_ts":1755475200000,"backtest_days":2,"backtest_run_start_ts":1757954907,"backtest_run_end_ts":1757954915,"trades_per_day":0.5,"market_change":0.00017391749149589658,"pairlist":["BTC/USDT:USDT"],"stake_amount":"unlimited","stake_currency":"USDT","stake_currency_decimals":3,"starting_balance":1000,"dry_run_wallet":1000,"final_balance":1000.03079616,"rejected_signals":0,"timedout_entry_orders":0,"timedout_exit_orders":0,"canceled_trade_entries":0,"canceled_entry_orders":0,"replaced_entry_orders":0,"max_open_trades":1,"max_open_trades_setting":3,"timeframe":"5m","timeframe_detail":"","timerange":"20250816-20250818","enable_protections":false,"strategy_name":"SkoRZ1RStrategyBlockFix","stoploss":-0.99,"trailing_stop":false,"trailing_stop_positive":null,"trailing_stop_positive_offset":0.0,"trailing_only_offset_is_reached":false,"use_custom_stoploss":false,"minimal_roi":{"0":10},"use_exit_signal":true,"exit_profit_only":false,"exit_profit_offset":0.0,"ignore_roi_if_entry_signal":false,"trading_mode":"futures","margin_mode":"isolated","periodic_breakdown":{"day":[{"date":"18/08/2025","date_ts":1755475200000,"profit_abs":0.03079616,"wins":1,"draws":0,"losses":0,"trades":1,"profit_factor":0.0}],"week":[{"date":"18/08/2025","date_ts":1755475200000,"profit_abs":0.03079616,"wins":1,"draws":0,"losses":0,"trades":1,"profit_factor":0.0}],"month":[{"date":"31/08/2025","date_ts":1756598400000,"profit_abs":0.03079616,"wins":1,"draws":0,"losses":0,"trades":1,"profit_factor":0.0}],"year":[{"date":"31/12/2025","date_ts":1767139200000,"profit_abs":0.03079616,"wins":1,"draws":0,"losses":0,"trades":1,"profit_factor":0.0}]},"backtest_best_day":0.0001311628319468132,"backtest_worst_day":0.0001311628319468132,"backtest_best_day_abs":0.03079616,"backtest_worst_day_abs":0.03079616,"winning_days":1,"draw_days":0,"losing_days":0,"daily_profit":[["2025-08-18",0.03079616]],"wins":1,"losses":0,"draws":0,"winrate":1.0,"holding_avg":"1 day, 14:05:00","holding_avg_s":137100.0,"winner_holding_min":"1d 14:05","winner_holding_min_s":137100.0,"winner_holding_max":"1d 14:05","winner_holding_max_s":137100.0,"winner_holding_avg":"1d 14:05","winner_holding_avg_s":137100.0,"loser_holding_min":"0d 00:00","loser_holding_min_s":0.0,"loser_holding_max":"0d 00:00","loser_holding_max_s":0.0,"loser_holding_avg":"0d 00:00","loser_holding_avg_s":0.0,"max_consecutive_wins":1,"max_consecutive_losses":0,"max_drawdown_account":0.0,"max_relative_drawdown":0.0,"max_drawdown_abs":0.0,"max_drawdown_low":0.0,"max_drawdown_high":0.0,"drawdown_start":"1970-01-01 00:00:00+00:00","drawdown_start_ts":0,"drawdown_end":"1970-01-01 00:00:00+00:00","drawdown_end_ts":0,"csum_min":0,"csum_max":0}},"strategy_comparison":[{"key":"SkoRZ1RStrategyBlockFix","trades":1,"profit_mean":0.0001311628319468132,"profit_mean_pct":0.01,"profit_total_abs":0.03079616,"profit_total":3.079616e-05,"profit_total_pct":0.0,"duration_avg":"1 day, 14:05:00","wins":1,"draws":0,"losses":0,"winrate":1.0,"cagr":0.005636035684186247,"expectancy":0.03079616,"expectancy_ratio":100.0,"sortino":-100,"sharpe":-100,"calmar":-100,"sqn":-100.0,"profit_factor":0.0,"max_drawdown_account":0.0,"max_drawdown_abs":"0"}]}